1755;ING;1101;1;ALGEBRA E INTRODUCCION AL CALC;9;;;15:30 -17:20;;;;;H-101;AYUD;SANCHEZ/CANCINO LEONARDO FRANCISCO;
1755;ING;1101;1;ALGEBRA E INTRODUCCION AL CALC;9;;;;;13:30 -15:20;;;H-220;AYUD;SANCHEZ/CANCINO LEONARDO FRANCISCO;
1755;ING;1101;1;ALGEBRA E INTRODUCCION AL CALC;9;;08:30 -12:20;;;;;;C-219;CLAS;SANCHEZ/CANCINO LEONARDO FRANCISCO;
1755;ING;1101;1;ALGEBRA E INTRODUCCION AL CALC;9;;;;08:30 -12:20;;;;C-014;CLAS;SANCHEZ/CANCINO LEONARDO FRANCISCO;
1755;ING;1101;1;ALGEBRA E INTRODUCCION AL CALC;9;15:30 -17:20;;;;;;19-03-2018;H-107;PRBA;SANCHEZ/CANCINO LEONARDO FRANCISCO;
1755;ING;1101;1;ALGEBRA E INTRODUCCION AL CALC;9;15:30 -17:20;;;;;;09-04-2018;C-213;PRBA;SANCHEZ/CANCINO LEONARDO FRANCISCO;
1755;ING;1101;1;ALGEBRA E INTRODUCCION AL CALC;9;;;;;13:30 -15:20;;27-04-2018;H-220;PRBA;SANCHEZ/CANCINO LEONARDO FRANCISCO;
1755;ING;1101;1;ALGEBRA E INTRODUCCION AL CALC;9;;08:30 -12:20;;;;;22-05-2018;C-219;PRBA;SANCHEZ/CANCINO LEONARDO FRANCISCO;
1755;ING;1101;1;ALGEBRA E INTRODUCCION AL CALC;9;15:30 -17:20;;;;;;11-06-2018;C-213;PRBA;SANCHEZ/CANCINO LEONARDO FRANCISCO;
1755;ING;1101;1;ALGEBRA E INTRODUCCION AL CALC;9;;15:30 -17:20;;;;;03-07-2018;B-26;PRBA;SANCHEZ/CANCINO LEONARDO FRANCISCO;
1756;ING;1101;2;ALGEBRA E INTRODUCCION AL CALC;9;;;15:30 -17:20;;;;;H-109;AYUD;SAEZ/DE CEA CRISTIAN ;
1756;ING;1101;2;ALGEBRA E INTRODUCCION AL CALC;9;;;;;13:30 -15:20;;;H-101;AYUD;SAEZ/DE CEA CRISTIAN ;
1756;ING;1101;2;ALGEBRA E INTRODUCCION AL CALC;9;;08:30 -12:20;;;;;;C-002;CLAS;SAEZ/DE CEA CRISTIAN ;
1756;ING;1101;2;ALGEBRA E INTRODUCCION AL CALC;9;;;;08:30 -12:20;;;;C-013;CLAS;SAEZ/DE CEA CRISTIAN ;
1756;ING;1101;2;ALGEBRA E INTRODUCCION AL CALC;9;15:30 -17:20;;;;;;19-03-2018;C-213;PRBA;SAEZ/DE CEA CRISTIAN ;
1756;ING;1101;2;ALGEBRA E INTRODUCCION AL CALC;9;15:30 -17:20;;;;;;09-04-2018;C-114;PRBA;SAEZ/DE CEA CRISTIAN ;
1756;ING;1101;2;ALGEBRA E INTRODUCCION AL CALC;9;;;;;13:30 -15:20;;27-04-2018;H-101;PRBA;SAEZ/DE CEA CRISTIAN ;
1756;ING;1101;2;ALGEBRA E INTRODUCCION AL CALC;9;;08:30 -12:20;;;;;22-05-2018;C-002;PRBA;SAEZ/DE CEA CRISTIAN ;
1756;ING;1101;2;ALGEBRA E INTRODUCCION AL CALC;9;15:30 -17:20;;;;;;11-06-2018;C-114;PRBA;SAEZ/DE CEA CRISTIAN ;
1756;ING;1101;2;ALGEBRA E INTRODUCCION AL CALC;9;;15:30 -17:20;;;;;03-07-2018;C-114;PRBA;SAEZ/DE CEA CRISTIAN ;
1757;ING;1101;3;ALGEBRA E INTRODUCCION AL CALC;9;;;15:30 -17:20;;;;;M-102;AYUD;ZEGARRA/AGRAMONT LUIS GUILLERMO;
1757;ING;1101;3;ALGEBRA E INTRODUCCION AL CALC;9;;;;;13:30 -15:20;;;C-019;AYUD;ZEGARRA/AGRAMONT LUIS GUILLERMO;
1757;ING;1101;3;ALGEBRA E INTRODUCCION AL CALC;9;;08:30 -12:20;;;;;;C-204;CLAS;ZEGARRA/AGRAMONT LUIS GUILLERMO;
1757;ING;1101;3;ALGEBRA E INTRODUCCION AL CALC;9;;;;08:30 -12:20;;;;M-102;CLAS;ZEGARRA/AGRAMONT LUIS GUILLERMO;
1757;ING;1101;3;ALGEBRA E INTRODUCCION AL CALC;9;15:30 -17:20;;;;;;19-03-2018;C-017;PRBA;ZEGARRA/AGRAMONT LUIS GUILLERMO;
1757;ING;1101;3;ALGEBRA E INTRODUCCION AL CALC;9;15:30 -17:20;;;;;;09-04-2018;C-017;PRBA;ZEGARRA/AGRAMONT LUIS GUILLERMO;
1757;ING;1101;3;ALGEBRA E INTRODUCCION AL CALC;9;;;;;13:30 -15:20;;27-04-2018;C-019;PRBA;ZEGARRA/AGRAMONT LUIS GUILLERMO;
1757;ING;1101;3;ALGEBRA E INTRODUCCION AL CALC;9;;08:30 -12:20;;;;;22-05-2018;C-204;PRBA;ZEGARRA/AGRAMONT LUIS GUILLERMO;
1757;ING;1101;3;ALGEBRA E INTRODUCCION AL CALC;9;15:30 -17:20;;;;;;11-06-2018;B-22;PRBA;ZEGARRA/AGRAMONT LUIS GUILLERMO;
1757;ING;1101;3;ALGEBRA E INTRODUCCION AL CALC;9;;15:30 -17:20;;;;;03-07-2018;B-24;PRBA;ZEGARRA/AGRAMONT LUIS GUILLERMO;
1758;ING;1101;4;ALGEBRA E INTRODUCCION AL CALC;9;;;15:30 -17:20;;;;;H-212;AYUD;BALLESTEROS/VERGARA RAIMUNDO TOMAS;
1758;ING;1101;4;ALGEBRA E INTRODUCCION AL CALC;9;;;;;13:30 -15:20;;;B-35;AYUD;BALLESTEROS/VERGARA RAIMUNDO TOMAS;
1758;ING;1101;4;ALGEBRA E INTRODUCCION AL CALC;9;;08:30 -12:20;;;;;;C-014;CLAS;BALLESTEROS/VERGARA RAIMUNDO TOMAS;
1758;ING;1101;4;ALGEBRA E INTRODUCCION AL CALC;9;;;;08:30 -12:20;;;;M-101;CLAS;BALLESTEROS/VERGARA RAIMUNDO TOMAS;
1758;ING;1101;4;ALGEBRA E INTRODUCCION AL CALC;9;15:30 -17:20;;;;;;19-03-2018;B-21;PRBA;BALLESTEROS/VERGARA RAIMUNDO TOMAS;
1758;ING;1101;4;ALGEBRA E INTRODUCCION AL CALC;9;15:30 -17:20;;;;;;09-04-2018;B-21;PRBA;BALLESTEROS/VERGARA RAIMUNDO TOMAS;
1758;ING;1101;4;ALGEBRA E INTRODUCCION AL CALC;9;;08:30 -12:20;;;;;22-05-2018;C-014;PRBA;BALLESTEROS/VERGARA RAIMUNDO TOMAS;
1758;ING;1101;4;ALGEBRA E INTRODUCCION AL CALC;9;;;;;13:30 -15:20;;27-05-2018;B-35;PRBA;BALLESTEROS/VERGARA RAIMUNDO TOMAS;
1758;ING;1101;4;ALGEBRA E INTRODUCCION AL CALC;9;15:30 -17:20;;;;;;11-06-2018;B-21;PRBA;BALLESTEROS/VERGARA RAIMUNDO TOMAS;
1758;ING;1101;4;ALGEBRA E INTRODUCCION AL CALC;9;;15:30 -17:20;;;;;03-07-2018;B-21;PRBA;BALLESTEROS/VERGARA RAIMUNDO TOMAS;
1759;ING;1101;5;ALGEBRA E INTRODUCCION AL CALC;9;;;;;13:30 -15:20;;;CEN 102;AYUD;CARVAJAL/RAMIREZ JOSE JOAQUIN;
1759;ING;1101;5;ALGEBRA E INTRODUCCION AL CALC;9;;08:30 -12:20;;;;;;C-013;CLAS;CARVAJAL/RAMIREZ JOSE JOAQUIN;
1759;ING;1101;5;ALGEBRA E INTRODUCCION AL CALC;9;;;15:30 -17:20;;;;;C-204;AYUD;CARVAJAL/RAMIREZ JOSE JOAQUIN;
1759;ING;1101;5;ALGEBRA E INTRODUCCION AL CALC;9;;;;08:30 -12:20;;;;H-220;CLAS;CARVAJAL/RAMIREZ JOSE JOAQUIN;
1759;ING;1101;5;ALGEBRA E INTRODUCCION AL CALC;9;15:30 -17:20;;;;;;19-03-2018;H-211;PRBA;CARVAJAL/RAMIREZ JOSE JOAQUIN;
1759;ING;1101;5;ALGEBRA E INTRODUCCION AL CALC;9;15:30 -17:20;;;;;;09-04-2018;H-107;PRBA;CARVAJAL/RAMIREZ JOSE JOAQUIN;
1759;ING;1101;5;ALGEBRA E INTRODUCCION AL CALC;9;;;;;13:30 -15:20;;27-04-2018;CEN 102;PRBA;CARVAJAL/RAMIREZ JOSE JOAQUIN;
1759;ING;1101;5;ALGEBRA E INTRODUCCION AL CALC;9;;08:30 -12:20;;;;;22-05-2018;C-013;PRBA;CARVAJAL/RAMIREZ JOSE JOAQUIN;
1759;ING;1101;5;ALGEBRA E INTRODUCCION AL CALC;9;15:30 -17:20;;;;;;11-06-2018;H-107;PRBA;CARVAJAL/RAMIREZ JOSE JOAQUIN;
1759;ING;1101;5;ALGEBRA E INTRODUCCION AL CALC;9;;15:30 -17:20;;;;;03-07-2018;C-213;PRBA;CARVAJAL/RAMIREZ JOSE JOAQUIN;
1761;ING;1201;1;ALGEBRA LINEAL;6;;;;;17:30 -19:20;;;C-017;AYUD;PIZARRO/GONZALEZ CLAUDIO ANDRES;BASES PARA EL ESTUDIO DE LA ING,ALGEBRA E INTRODUCCION AL CALC,PROGRAMACION
1761;ING;1201;1;ALGEBRA LINEAL;6;;;;10:30 -13:20;;;;C-218;CLAS;PIZARRO/GONZALEZ CLAUDIO ANDRES;BASES PARA EL ESTUDIO DE LA ING,ALGEBRA E INTRODUCCION AL CALC,PROGRAMACION
1761;ING;1201;1;ALGEBRA LINEAL;6;;;15:30 -17:20;;;;;FICA-COM;LABT;PIZARRO/GONZALEZ CLAUDIO ANDRES;BASES PARA EL ESTUDIO DE LA ING,ALGEBRA E INTRODUCCION AL CALC,PROGRAMACION
1761;ING;1201;1;ALGEBRA LINEAL;6;;;;19:30 -22:20;;;22-03-2018;C-209;PRBA;PIZARRO/GONZALEZ CLAUDIO ANDRES;BASES PARA EL ESTUDIO DE LA ING,ALGEBRA E INTRODUCCION AL CALC,PROGRAMACION
1761;ING;1201;1;ALGEBRA LINEAL;6;;;;;17:30 -19:20;;13-04-2018;C-017;PRBA;PIZARRO/GONZALEZ CLAUDIO ANDRES;BASES PARA EL ESTUDIO DE LA ING,ALGEBRA E INTRODUCCION AL CALC,PROGRAMACION
1761;ING;1201;1;ALGEBRA LINEAL;6;;;;;17:30 -19:20;;04-05-2018;C-017;PRBA;PIZARRO/GONZALEZ CLAUDIO ANDRES;BASES PARA EL ESTUDIO DE LA ING,ALGEBRA E INTRODUCCION AL CALC,PROGRAMACION
1761;ING;1201;1;ALGEBRA LINEAL;6;;;;;17:30 -19:20;;25-05-2018;C-017;PRBA;PIZARRO/GONZALEZ CLAUDIO ANDRES;BASES PARA EL ESTUDIO DE LA ING,ALGEBRA E INTRODUCCION AL CALC,PROGRAMACION
1761;ING;1201;1;ALGEBRA LINEAL;6;;;;19:30 -22:20;;;07-06-2018;C-203;PRBA;PIZARRO/GONZALEZ CLAUDIO ANDRES;BASES PARA EL ESTUDIO DE LA ING,ALGEBRA E INTRODUCCION AL CALC,PROGRAMACION
1761;ING;1201;1;ALGEBRA LINEAL;6;;09:30 -12:20;;;;;19-06-2018;C-209;PRBA;PIZARRO/GONZALEZ CLAUDIO ANDRES;BASES PARA EL ESTUDIO DE LA ING,ALGEBRA E INTRODUCCION AL CALC,PROGRAMACION
1762;ING;1201;2;ALGEBRA LINEAL;6;;;;;17:30 -19:20;;;C-213;AYUD;HERNANDEZ/URIBE ALVARO ANDRES;BASES PARA EL ESTUDIO DE LA ING,ALGEBRA E INTRODUCCION AL CALC,PROGRAMACION
1762;ING;1201;2;ALGEBRA LINEAL;6;;;;10:30 -13:20;;;;C-213;CLAS;HERNANDEZ/URIBE ALVARO ANDRES;BASES PARA EL ESTUDIO DE LA ING,ALGEBRA E INTRODUCCION AL CALC,PROGRAMACION
1762;ING;1201;2;ALGEBRA LINEAL;6;;;15:30 -17:20;;;;;FICA-COM;LABT;HERNANDEZ/URIBE ALVARO ANDRES;BASES PARA EL ESTUDIO DE LA ING,ALGEBRA E INTRODUCCION AL CALC,PROGRAMACION
1762;ING;1201;2;ALGEBRA LINEAL;6;;;;19:30 -22:20;;;22-03-2018;C-203;PRBA;HERNANDEZ/URIBE ALVARO ANDRES;BASES PARA EL ESTUDIO DE LA ING,ALGEBRA E INTRODUCCION AL CALC,PROGRAMACION
1762;ING;1201;2;ALGEBRA LINEAL;6;;;;;17:30 -19:20;;13-04-2018;B-33;PRBA;HERNANDEZ/URIBE ALVARO ANDRES;BASES PARA EL ESTUDIO DE LA ING,ALGEBRA E INTRODUCCION AL CALC,PROGRAMACION
1762;ING;1201;2;ALGEBRA LINEAL;6;;;;;17:30 -19:20;;04-05-2018;B-33;PRBA;HERNANDEZ/URIBE ALVARO ANDRES;BASES PARA EL ESTUDIO DE LA ING,ALGEBRA E INTRODUCCION AL CALC,PROGRAMACION
1762;ING;1201;2;ALGEBRA LINEAL;6;;;;;17:30 -19:20;;25-05-2018;B-33;PRBA;HERNANDEZ/URIBE ALVARO ANDRES;BASES PARA EL ESTUDIO DE LA ING,ALGEBRA E INTRODUCCION AL CALC,PROGRAMACION
1762;ING;1201;2;ALGEBRA LINEAL;6;;;;19:30 -22:20;;;07-06-2018;C-017;PRBA;HERNANDEZ/URIBE ALVARO ANDRES;BASES PARA EL ESTUDIO DE LA ING,ALGEBRA E INTRODUCCION AL CALC,PROGRAMACION
1762;ING;1201;2;ALGEBRA LINEAL;6;;09:30 -12:20;;;;;19-06-2018;C-203;PRBA;HERNANDEZ/URIBE ALVARO ANDRES;BASES PARA EL ESTUDIO DE LA ING,ALGEBRA E INTRODUCCION AL CALC,PROGRAMACION
1451;ICC;4101;1;ALGORITHMS AND COMPETITIVE PRO;6;;;;;13:30 -17:20;;;FICA-COM;LABT;CORREA/VILLANUEVA JAVIER ;
1730;ICE;3101;1;ANALISIS DE CIRCUITOS;6;;;;17:30 -19:20;;;;C-104;AYUD;  ;ECUACIONES DIFERENCIALES,ELECTRICIDAD Y MAGNETISMO
1730;ICE;3101;1;ANALISIS DE CIRCUITOS;6;;;09:30 -12:20;;;;;C-019;CLAS;  ;ECUACIONES DIFERENCIALES,ELECTRICIDAD Y MAGNETISMO
1730;ICE;3101;1;ANALISIS DE CIRCUITOS;6;;;;19:30 -22:20;;;12-04-2018;B-24;PRBA;  ;ECUACIONES DIFERENCIALES,ELECTRICIDAD Y MAGNETISMO
1730;ICE;3101;1;ANALISIS DE CIRCUITOS;6;;;;;19:30 -22:20;;08-06-2018;C-017;PRBA;  ;ECUACIONES DIFERENCIALES,ELECTRICIDAD Y MAGNETISMO
1730;ICE;3101;1;ANALISIS DE CIRCUITOS;6;09:30 -12:20;;;;;;25-06-2018;B-25;PRBA;  ;ECUACIONES DIFERENCIALES,ELECTRICIDAD Y MAGNETISMO
1840;IOC;3201;1;ANALISIS ESTRUCTURAL;6;;;13:30 -15:20;;;;;C-014;AYUD;ABELL/MENA JOSE ANTONIO;MECANICA DE MATERIALES
1840;IOC;3201;1;ANALISIS ESTRUCTURAL;6;;;09:30 -12:20;;;;;H-016;CLAS;ABELL/MENA JOSE ANTONIO;MECANICA DE MATERIALES
1840;IOC;3201;1;ANALISIS ESTRUCTURAL;6;;;;19:30 -22:20;;;19-04-2018;B-21;PRBA;ABELL/MENA JOSE ANTONIO;MECANICA DE MATERIALES
1840;IOC;3201;1;ANALISIS ESTRUCTURAL;6;;;;;19:30 -22:20;;08-06-2018;B-21;PRBA;ABELL/MENA JOSE ANTONIO;MECANICA DE MATERIALES
1840;IOC;3201;1;ANALISIS ESTRUCTURAL;6;;;;;14:30 -17:20;;22-06-2018;B-21;PRBA;ABELL/MENA JOSE ANTONIO;MECANICA DE MATERIALES
1937;ING;1106;1;ANTROPOLOGIA FILOSOFICA;3;13:30 -15:20;;;;;;;R-12;CLAS;MAILLET/ARANGUIZ PABLO GASTON;
1937;ING;1106;1;ANTROPOLOGIA FILOSOFICA;3;14:30 -17:20;;;;;;25-06-2018;B-21;PRBA;MAILLET/ARANGUIZ PABLO GASTON;
1938;ING;1106;2;ANTROPOLOGIA FILOSOFICA;3;13:30 -15:20;;;;;;;C-221;CLAS;AGUILERA/PEREZ JUAN CARLOS;
1938;ING;1106;2;ANTROPOLOGIA FILOSOFICA;3;14:30 -17:20;;;;;;25-06-2018;B-20;PRBA;AGUILERA/PEREZ JUAN CARLOS;
1939;ING;1106;3;ANTROPOLOGIA FILOSOFICA;3;;15:30 -17:20;;;;;;C-104;CLAS;DROSTE/AUSBORN KLAUS PETER;
1939;ING;1106;3;ANTROPOLOGIA FILOSOFICA;3;14:30 -17:20;;;;;;25-06-2018;C-209;PRBA;DROSTE/AUSBORN KLAUS PETER;
1940;ING;1106;4;ANTROPOLOGIA FILOSOFICA;3;;15:30 -17:20;;;;;;C-018;CLAS;AGUILERA/PEREZ JUAN CARLOS;
1940;ING;1106;4;ANTROPOLOGIA FILOSOFICA;3;14:30 -17:20;;;;;;11-06-2018;C-018;PRBA;AGUILERA/PEREZ JUAN CARLOS;
1453;ICC;4102;1;APLICACIONES MOVILES;6;;;08:30 -10:20;;;;;C-118;CLAS;PARADA/POBLETE JOSE IGNACIO;
1453;ICC;4102;1;APLICACIONES MOVILES;6;;09:30 -12:20;;;;;;FICA-COM;LABT;PARADA/POBLETE JOSE IGNACIO;
1455;ICC;3103;1;AUTOMATAS Y COMPUTABILIDAD;6;10:30 -12:20;;;;;;;R-20;CLAS;ROBLEDO/LEIVA JAVIER ENRIQUE;PROGRAMACION,CALCULO I
1455;ICC;3103;1;AUTOMATAS Y COMPUTABILIDAD;6;;;10:30 -12:20;;;;;R-25;CLAS;ROBLEDO/LEIVA JAVIER ENRIQUE;PROGRAMACION,CALCULO I
1455;ICC;3103;1;AUTOMATAS Y COMPUTABILIDAD;6;;;10:30 -12:20;;;;18-04-2018;R-25;PRBA;ROBLEDO/LEIVA JAVIER ENRIQUE;PROGRAMACION,CALCULO I
1455;ICC;3103;1;AUTOMATAS Y COMPUTABILIDAD;6;;;10:30 -12:20;;;;13-06-2018;R-25;PRBA;ROBLEDO/LEIVA JAVIER ENRIQUE;PROGRAMACION,CALCULO I
1455;ICC;3103;1;AUTOMATAS Y COMPUTABILIDAD;6;;;09:30 -12:20;;;;20-06-2018;R-22;PRBA;ROBLEDO/LEIVA JAVIER ENRIQUE;PROGRAMACION,CALCULO I
1044;ICA;3101;1;BALANCE DE MATERIA Y ENERGIA;6;17:30 -19:20;;;;;;;C-215;AYUD;SCOTT/CONTADOR FELIPE IGNACIO;ALGEBRA LINEAL,TERMODINAMICA
1044;ICA;3101;1;BALANCE DE MATERIA Y ENERGIA;6;;;12:30 -13:20;;;;;C-215;CLAS;SCOTT/CONTADOR FELIPE IGNACIO;ALGEBRA LINEAL,TERMODINAMICA
1044;ICA;3101;1;BALANCE DE MATERIA Y ENERGIA;6;;;;15:30 -17:20;;;;R-22;CLAS;SCOTT/CONTADOR FELIPE IGNACIO;ALGEBRA LINEAL,TERMODINAMICA
1044;ICA;3101;1;BALANCE DE MATERIA Y ENERGIA;6;;;;15:30 -17:20;;;22-03-2018;R-22;PRBA;SCOTT/CONTADOR FELIPE IGNACIO;ALGEBRA LINEAL,TERMODINAMICA
1044;ICA;3101;1;BALANCE DE MATERIA Y ENERGIA;6;;;;15:30 -17:20;;;19-04-2018;R-22;PRBA;SCOTT/CONTADOR FELIPE IGNACIO;ALGEBRA LINEAL,TERMODINAMICA
1044;ICA;3101;1;BALANCE DE MATERIA Y ENERGIA;6;;;;15:30 -17:20;;;10-05-2018;R-22;PRBA;SCOTT/CONTADOR FELIPE IGNACIO;ALGEBRA LINEAL,TERMODINAMICA
1044;ICA;3101;1;BALANCE DE MATERIA Y ENERGIA;6;;;;15:30 -17:20;;;31-05-2018;R-22;PRBA;SCOTT/CONTADOR FELIPE IGNACIO;ALGEBRA LINEAL,TERMODINAMICA
1044;ICA;3101;1;BALANCE DE MATERIA Y ENERGIA;6;09:30 -12:20;;;;;;18-06-2018;R-10;PRBA;SCOTT/CONTADOR FELIPE IGNACIO;ALGEBRA LINEAL,TERMODINAMICA
1457;ICC;3204;1;BASES DE DATOS;6;;12:30 -15:20;;;;;;CEN 101;CLAS;VAIRETTI/. CARLA MARINA;PROGRAMACION
1458;ICC;3204;2;BASES DE DATOS;6;;12:30 -15:20;;;;;;R-13;CLAS;RECABARREN/BAHAMONDES MATIAS ;PROGRAMACION
1046;ING;1204;1;BIOLOGIA DE LOS MICROORGANISMO;5;;;10:30 -13:20;;;;;C-218;CLAS;ARAYA/ARANCIBIA BLANCA BEGONA;
1046;ING;1204;1;BIOLOGIA DE LOS MICROORGANISMO;5;;;;;15:30 -17:20;;;L.CS.ING.;LABT;ARAYA/ARANCIBIA BLANCA BEGONA;
1046;ING;1204;1;BIOLOGIA DE LOS MICROORGANISMO;5;;;10:30 -13:20;;;;04-04-2018;C-218;PRBA;ARAYA/ARANCIBIA BLANCA BEGONA;
1046;ING;1204;1;BIOLOGIA DE LOS MICROORGANISMO;5;;;10:30 -13:20;;;;09-05-2018;C-218;PRBA;ARAYA/ARANCIBIA BLANCA BEGONA;
1046;ING;1204;1;BIOLOGIA DE LOS MICROORGANISMO;5;;;10:30 -13:20;;;;06-06-2018;C-218;PRBA;ARAYA/ARANCIBIA BLANCA BEGONA;
1046;ING;1204;1;BIOLOGIA DE LOS MICROORGANISMO;5;;;14:30 -17:20;;;;20-06-2018;C-001;PRBA;ARAYA/ARANCIBIA BLANCA BEGONA;
1055;ING;1204;2;BIOLOGIA DE LOS MICROORGANISMO;5;;;09:30 -12:20;;;;;B-25;CLAS;SAN MARTIN/DAVISON JESSICA KATHERINE;
1055;ING;1204;2;BIOLOGIA DE LOS MICROORGANISMO;5;;08:30 -10:20;;;;;;L.CS.ING.;LABT;SAN MARTIN/DAVISON JESSICA KATHERINE;
1055;ING;1204;2;BIOLOGIA DE LOS MICROORGANISMO;5;;;09:30 -12:20;;;;04-04-2018;B-25;PRBA;SAN MARTIN/DAVISON JESSICA KATHERINE;
1055;ING;1204;2;BIOLOGIA DE LOS MICROORGANISMO;5;;;09:30 -12:20;;;;09-05-2018;B-25;PRBA;SAN MARTIN/DAVISON JESSICA KATHERINE;
1055;ING;1204;2;BIOLOGIA DE LOS MICROORGANISMO;5;;;09:30 -12:20;;;;06-06-2018;B-25;PRBA;SAN MARTIN/DAVISON JESSICA KATHERINE;
1055;ING;1204;2;BIOLOGIA DE LOS MICROORGANISMO;5;;;14:30 -17:20;;;;20-06-2018;B-24;PRBA;SAN MARTIN/DAVISON JESSICA KATHERINE;
1778;ING;1202;1;CALCULO I;6;;;;17:30 -19:20;;;;M-101;AYUD;CUOMO/. MICHELA;BASES PARA EL ESTUDIO DE LA ING,ALGEBRA E INTRODUCCION AL CALC,PROGRAMACION
1778;ING;1202;1;CALCULO I;6;;13:30 -15:20;;;;;;C-014;CLAS;CUOMO/. MICHELA;BASES PARA EL ESTUDIO DE LA ING,ALGEBRA E INTRODUCCION AL CALC,PROGRAMACION
1778;ING;1202;1;CALCULO I;6;;;;13:30 -15:20;;;;C-013;CLAS;CUOMO/. MICHELA;BASES PARA EL ESTUDIO DE LA ING,ALGEBRA E INTRODUCCION AL CALC,PROGRAMACION
1778;ING;1202;1;CALCULO I;6;19:30 -22:20;;;;;;26-03-2018;C-109;PRBA;CUOMO/. MICHELA;BASES PARA EL ESTUDIO DE LA ING,ALGEBRA E INTRODUCCION AL CALC,PROGRAMACION
1778;ING;1202;1;CALCULO I;6;;;;17:30 -19:20;;;19-04-2018;M-101;PRBA;CUOMO/. MICHELA;BASES PARA EL ESTUDIO DE LA ING,ALGEBRA E INTRODUCCION AL CALC,PROGRAMACION
1778;ING;1202;1;CALCULO I;6;;;;17:30 -19:20;;;10-05-2018;M-101;PRBA;CUOMO/. MICHELA;BASES PARA EL ESTUDIO DE LA ING,ALGEBRA E INTRODUCCION AL CALC,PROGRAMACION
1778;ING;1202;1;CALCULO I;6;;;;17:30 -19:20;;;31-05-2018;M-101;PRBA;CUOMO/. MICHELA;BASES PARA EL ESTUDIO DE LA ING,ALGEBRA E INTRODUCCION AL CALC,PROGRAMACION
1778;ING;1202;1;CALCULO I;6;19:30 -22:20;;;;;;11-06-2018;C-109;PRBA;CUOMO/. MICHELA;BASES PARA EL ESTUDIO DE LA ING,ALGEBRA E INTRODUCCION AL CALC,PROGRAMACION
1778;ING;1202;1;CALCULO I;6;;;09:30 -12:20;;;;27-06-2018;C-109;PRBA;CUOMO/. MICHELA;BASES PARA EL ESTUDIO DE LA ING,ALGEBRA E INTRODUCCION AL CALC,PROGRAMACION
1779;ING;1202;2;CALCULO I;6;;;;17:30 -19:20;;;;B-25;AYUD;CARVAJAL/RAMIREZ JOSE JOAQUIN;BASES PARA EL ESTUDIO DE LA ING,ALGEBRA E INTRODUCCION AL CALC,PROGRAMACION
1779;ING;1202;2;CALCULO I;6;;13:30 -15:20;;;;;;C-204;CLAS;CARVAJAL/RAMIREZ JOSE JOAQUIN;BASES PARA EL ESTUDIO DE LA ING,ALGEBRA E INTRODUCCION AL CALC,PROGRAMACION
1779;ING;1202;2;CALCULO I;6;;;;13:30 -15:20;;;;M-102;CLAS;CARVAJAL/RAMIREZ JOSE JOAQUIN;BASES PARA EL ESTUDIO DE LA ING,ALGEBRA E INTRODUCCION AL CALC,PROGRAMACION
1779;ING;1202;2;CALCULO I;6;19:30 -22:20;;;;;;26-03-2018;C-203;PRBA;CARVAJAL/RAMIREZ JOSE JOAQUIN;BASES PARA EL ESTUDIO DE LA ING,ALGEBRA E INTRODUCCION AL CALC,PROGRAMACION
1779;ING;1202;2;CALCULO I;6;;;;17:30 -19:20;;;19-04-2018;B-25;PRBA;CARVAJAL/RAMIREZ JOSE JOAQUIN;BASES PARA EL ESTUDIO DE LA ING,ALGEBRA E INTRODUCCION AL CALC,PROGRAMACION
1779;ING;1202;2;CALCULO I;6;;;;17:30 -19:20;;;10-05-2018;B-25;PRBA;CARVAJAL/RAMIREZ JOSE JOAQUIN;BASES PARA EL ESTUDIO DE LA ING,ALGEBRA E INTRODUCCION AL CALC,PROGRAMACION
1779;ING;1202;2;CALCULO I;6;;;;17:30 -19:20;;;31-05-2018;B-25;PRBA;CARVAJAL/RAMIREZ JOSE JOAQUIN;BASES PARA EL ESTUDIO DE LA ING,ALGEBRA E INTRODUCCION AL CALC,PROGRAMACION
1779;ING;1202;2;CALCULO I;6;19:30 -22:20;;;;;;11-06-2018;C-203;PRBA;CARVAJAL/RAMIREZ JOSE JOAQUIN;BASES PARA EL ESTUDIO DE LA ING,ALGEBRA E INTRODUCCION AL CALC,PROGRAMACION
1779;ING;1202;2;CALCULO I;6;;;09:30 -12:20;;;;27-06-2018;C-203;PRBA;CARVAJAL/RAMIREZ JOSE JOAQUIN;BASES PARA EL ESTUDIO DE LA ING,ALGEBRA E INTRODUCCION AL CALC,PROGRAMACION
1791;ING;2102;1;CALCULO II;6;;;;17:30 -19:20;;;;B-21;AYUD;BALLESTEROS/VERGARA RAIMUNDO TOMAS;PROGRAMACION,CALCULO I
1791;ING;2102;1;CALCULO II;6;;13:30 -15:20;;;;;;H-105;CLAS;BALLESTEROS/VERGARA RAIMUNDO TOMAS;PROGRAMACION,CALCULO I
1791;ING;2102;1;CALCULO II;6;;;;13:30 -15:20;;;;H-208;CLAS;BALLESTEROS/VERGARA RAIMUNDO TOMAS;PROGRAMACION,CALCULO I
1791;ING;2102;1;CALCULO II;6;19:30 -22:20;;;;;;26-03-2018;B-33;PRBA;BALLESTEROS/VERGARA RAIMUNDO TOMAS;PROGRAMACION,CALCULO I
1791;ING;2102;1;CALCULO II;6;;;;17:30 -19:20;;;19-04-2018;B-21;PRBA;BALLESTEROS/VERGARA RAIMUNDO TOMAS;PROGRAMACION,CALCULO I
1791;ING;2102;1;CALCULO II;6;;;;17:30 -19:20;;;10-05-2018;B-21;PRBA;BALLESTEROS/VERGARA RAIMUNDO TOMAS;PROGRAMACION,CALCULO I
1791;ING;2102;1;CALCULO II;6;;;;17:30 -19:20;;;31-05-2018;B-21;PRBA;BALLESTEROS/VERGARA RAIMUNDO TOMAS;PROGRAMACION,CALCULO I
1791;ING;2102;1;CALCULO II;6;19:30 -22:20;;;;;;11-06-2018;B-33;PRBA;BALLESTEROS/VERGARA RAIMUNDO TOMAS;PROGRAMACION,CALCULO I
1791;ING;2102;1;CALCULO II;6;;;09:30 -12:20;;;;27-06-2018;B-33;PRBA;BALLESTEROS/VERGARA RAIMUNDO TOMAS;PROGRAMACION,CALCULO I
1792;ING;2102;2;CALCULO II;6;;;;17:30 -19:20;;;;C-214;AYUD;HERNANDEZ/URIBE ALVARO ANDRES;PROGRAMACION,CALCULO I
1792;ING;2102;2;CALCULO II;6;;13:30 -15:20;;;;;;C-105;CLAS;HERNANDEZ/URIBE ALVARO ANDRES;PROGRAMACION,CALCULO I
1792;ING;2102;2;CALCULO II;6;;;;13:30 -15:20;;;;H-105;CLAS;HERNANDEZ/URIBE ALVARO ANDRES;PROGRAMACION,CALCULO I
1792;ING;2102;2;CALCULO II;6;19:30 -22:20;;;;;;26-03-2018;B-24;PRBA;HERNANDEZ/URIBE ALVARO ANDRES;PROGRAMACION,CALCULO I
1792;ING;2102;2;CALCULO II;6;;;;17:30 -19:20;;;19-04-2018;C-214;PRBA;HERNANDEZ/URIBE ALVARO ANDRES;PROGRAMACION,CALCULO I
1792;ING;2102;2;CALCULO II;6;;;;17:30 -19:20;;;10-05-2018;C-214;PRBA;HERNANDEZ/URIBE ALVARO ANDRES;PROGRAMACION,CALCULO I
1792;ING;2102;2;CALCULO II;6;;;;17:30 -19:20;;;31-05-2018;C-214;PRBA;HERNANDEZ/URIBE ALVARO ANDRES;PROGRAMACION,CALCULO I
1792;ING;2102;2;CALCULO II;6;19:30 -22:20;;;;;;11-06-2018;B-24;PRBA;HERNANDEZ/URIBE ALVARO ANDRES;PROGRAMACION,CALCULO I
1792;ING;2102;2;CALCULO II;6;;;09:30 -12:20;;;;27-06-2018;B-24;PRBA;HERNANDEZ/URIBE ALVARO ANDRES;PROGRAMACION,CALCULO I
1048;ICA;4101;1;CINETICA Y DISEÑO DE REAC.QUIM;6;;;15:30 -17:20;;;;;H-017;AYUD;GUERRERO/RUZ SICHEM ;TRANSFERENCIA DE CALOR,TRANSFERENCIA DE MASA
1048;ICA;4101;1;CINETICA Y DISEÑO DE REAC.QUIM;6;10:30 -12:20;;;;;;;R-04;CLAS;GUERRERO/RUZ SICHEM ;TRANSFERENCIA DE CALOR,TRANSFERENCIA DE MASA
1048;ICA;4101;1;CINETICA Y DISEÑO DE REAC.QUIM;6;;;;13:30 -14:20;;;;R-15;CLAS;GUERRERO/RUZ SICHEM ;TRANSFERENCIA DE CALOR,TRANSFERENCIA DE MASA
1048;ICA;4101;1;CINETICA Y DISEÑO DE REAC.QUIM;6;10:30 -12:20;;;;;;26-03-2018;R-04;PRBA;GUERRERO/RUZ SICHEM ;TRANSFERENCIA DE CALOR,TRANSFERENCIA DE MASA
1048;ICA;4101;1;CINETICA Y DISEÑO DE REAC.QUIM;6;10:30 -12:20;;;;;;16-04-2018;R-04;PRBA;GUERRERO/RUZ SICHEM ;TRANSFERENCIA DE CALOR,TRANSFERENCIA DE MASA
1048;ICA;4101;1;CINETICA Y DISEÑO DE REAC.QUIM;6;10:30 -12:20;;;;;;14-05-2018;R-04;PRBA;GUERRERO/RUZ SICHEM ;TRANSFERENCIA DE CALOR,TRANSFERENCIA DE MASA
1048;ICA;4101;1;CINETICA Y DISEÑO DE REAC.QUIM;6;10:30 -12:20;;;;;;04-06-2018;R-04;PRBA;GUERRERO/RUZ SICHEM ;TRANSFERENCIA DE CALOR,TRANSFERENCIA DE MASA
1048;ICA;4101;1;CINETICA Y DISEÑO DE REAC.QUIM;6;;09:30 -12:20;;;;;19-06-2018;R-15;PRBA;GUERRERO/RUZ SICHEM ;TRANSFERENCIA DE CALOR,TRANSFERENCIA DE MASA
1874;ICI;3203;1;CONTABILIDAD Y CONTROL DE GEST;6;;;;;16:30 -19:20;;;C-209;CLAS;RECABARREN/ONATE LUIS EDGARDO;FUNDAMENTOS DE ECONOMIA
1874;ICI;3203;1;CONTABILIDAD Y CONTROL DE GEST;6;;;;;16:30 -19:20;;20-04-2018;C-209;PRBA;RECABARREN/ONATE LUIS EDGARDO;FUNDAMENTOS DE ECONOMIA
1874;ICI;3203;1;CONTABILIDAD Y CONTROL DE GEST;6;;;;;16:30 -19:20;;08-06-2018;C-209;PRBA;RECABARREN/ONATE LUIS EDGARDO;FUNDAMENTOS DE ECONOMIA
1874;ICI;3203;1;CONTABILIDAD Y CONTROL DE GEST;6;;;;;08:30 -10:20;;29-06-2018;C-001;PRBA;RECABARREN/ONATE LUIS EDGARDO;FUNDAMENTOS DE ECONOMIA
1732;ICE;4103;1;CONVERSION DE ENERGIA;6;;;;14:30 -17:20;;;;R-26;CLAS;BARRIA/QUEZADA CARLOS;ANALISIS DE CIRCUITOS,TERMODINAMICA
1732;ICE;4103;1;CONVERSION DE ENERGIA;6;;;;10:30 -12:20;;;;CIICA-CIR;LABT;BARRIA/QUEZADA CARLOS;ANALISIS DE CIRCUITOS,TERMODINAMICA
1732;ICE;4103;1;CONVERSION DE ENERGIA;6;;;;;19:30 -22:20;;20-04-2018;R-20;PRBA;BARRIA/QUEZADA CARLOS;ANALISIS DE CIRCUITOS,TERMODINAMICA
1732;ICE;4103;1;CONVERSION DE ENERGIA;6;;;;;19:30 -22:20;;08-06-2018;R-20;PRBA;BARRIA/QUEZADA CARLOS;ANALISIS DE CIRCUITOS,TERMODINAMICA
1732;ICE;4103;1;CONVERSION DE ENERGIA;6;;;;;08:30 -10:20;;29-06-2018;R-20;PRBA;BARRIA/QUEZADA CARLOS;ANALISIS DE CIRCUITOS,TERMODINAMICA
1050;ICA;3103;1;ECOLOGIA MEDIO AMBIENTE Y ENER;6;;;;17:30 -19:20;;;;C-205;AYUD;RAKIC/. MIRJANA ;FUNDAMENTOS DE QUIMICA,BIOLOGIA DE LOS MICROORGANISMO
1050;ICA;3103;1;ECOLOGIA MEDIO AMBIENTE Y ENER;6;;;;08:30 -10:20;;;;H-015;CLAS;RAKIC/. MIRJANA ;FUNDAMENTOS DE QUIMICA,BIOLOGIA DE LOS MICROORGANISMO
1050;ICA;3103;1;ECOLOGIA MEDIO AMBIENTE Y ENER;6;;;;;16:30 -17:20;;;R-29;CLAS;RAKIC/. MIRJANA ;FUNDAMENTOS DE QUIMICA,BIOLOGIA DE LOS MICROORGANISMO
1050;ICA;3103;1;ECOLOGIA MEDIO AMBIENTE Y ENER;6;;;;08:30 -10:20;;;05-04-2018;H-015;PRBA;RAKIC/. MIRJANA ;FUNDAMENTOS DE QUIMICA,BIOLOGIA DE LOS MICROORGANISMO
1050;ICA;3103;1;ECOLOGIA MEDIO AMBIENTE Y ENER;6;;;;08:30 -10:20;;;26-04-2018;H-015;PRBA;RAKIC/. MIRJANA ;FUNDAMENTOS DE QUIMICA,BIOLOGIA DE LOS MICROORGANISMO
1050;ICA;3103;1;ECOLOGIA MEDIO AMBIENTE Y ENER;6;;;;08:30 -10:20;;;17-05-2018;H-015;PRBA;RAKIC/. MIRJANA ;FUNDAMENTOS DE QUIMICA,BIOLOGIA DE LOS MICROORGANISMO
1050;ICA;3103;1;ECOLOGIA MEDIO AMBIENTE Y ENER;6;;;;08:30 -10:20;;;07-06-2018;H-015;PRBA;RAKIC/. MIRJANA ;FUNDAMENTOS DE QUIMICA,BIOLOGIA DE LOS MICROORGANISMO
1050;ICA;3103;1;ECOLOGIA MEDIO AMBIENTE Y ENER;6;;;;09:30 -12:20;;;28-06-2018;R-30;PRBA;RAKIC/. MIRJANA ;FUNDAMENTOS DE QUIMICA,BIOLOGIA DE LOS MICROORGANISMO
1794;ING;2101;1;ECUACIONES DIFERENCIALES;6;;15:30 -17:20;;;;;;CEN 101;AYUD;ZEGARRA/AGRAMONT LUIS GUILLERMO;PROGRAMACION,CALCULO I,ALGEBRA LINEAL
1794;ING;2101;1;ECUACIONES DIFERENCIALES;6;;;;;16:30 -19:20;;;B-22;CLAS;ZEGARRA/AGRAMONT LUIS GUILLERMO;PROGRAMACION,CALCULO I,ALGEBRA LINEAL
1794;ING;2101;1;ECUACIONES DIFERENCIALES;6;15:30 -17:20;;;;;;;FICA-COM;LABT;ZEGARRA/AGRAMONT LUIS GUILLERMO;PROGRAMACION,CALCULO I,ALGEBRA LINEAL
1794;ING;2101;1;ECUACIONES DIFERENCIALES;6;;15:30 -17:20;;;;;20-03-2018;CEN 101;PRBA;ZEGARRA/AGRAMONT LUIS GUILLERMO;PROGRAMACION,CALCULO I,ALGEBRA LINEAL
1794;ING;2101;1;ECUACIONES DIFERENCIALES;6;;15:30 -17:20;;;;;10-04-2018;CEN 101;PRBA;ZEGARRA/AGRAMONT LUIS GUILLERMO;PROGRAMACION,CALCULO I,ALGEBRA LINEAL
1794;ING;2101;1;ECUACIONES DIFERENCIALES;6;;;;19:30 -22:20;;;03-05-2018;C-017;PRBA;ZEGARRA/AGRAMONT LUIS GUILLERMO;PROGRAMACION,CALCULO I,ALGEBRA LINEAL
1794;ING;2101;1;ECUACIONES DIFERENCIALES;6;;;;19:30 -22:20;;;24-05-2018;C-017;PRBA;ZEGARRA/AGRAMONT LUIS GUILLERMO;PROGRAMACION,CALCULO I,ALGEBRA LINEAL
1794;ING;2101;1;ECUACIONES DIFERENCIALES;6;;15:30 -17:20;;;;;05-06-2018;CEN 101;PRBA;ZEGARRA/AGRAMONT LUIS GUILLERMO;PROGRAMACION,CALCULO I,ALGEBRA LINEAL
1794;ING;2101;1;ECUACIONES DIFERENCIALES;6;;09:30 -12:20;;;;;19-06-2018;C-017;PRBA;ZEGARRA/AGRAMONT LUIS GUILLERMO;PROGRAMACION,CALCULO I,ALGEBRA LINEAL
1795;ING;2101;2;ECUACIONES DIFERENCIALES;6;;15:30 -17:20;;;;;;H-108;AYUD;BALLESTEROS/VERGARA RAIMUNDO TOMAS;PROGRAMACION,CALCULO I,ALGEBRA LINEAL
1795;ING;2101;2;ECUACIONES DIFERENCIALES;6;;;;;16:30 -19:20;;;B-26;CLAS;BALLESTEROS/VERGARA RAIMUNDO TOMAS;PROGRAMACION,CALCULO I,ALGEBRA LINEAL
1795;ING;2101;2;ECUACIONES DIFERENCIALES;6;15:30 -17:20;;;;;;;FICA-COM;LABT;BALLESTEROS/VERGARA RAIMUNDO TOMAS;PROGRAMACION,CALCULO I,ALGEBRA LINEAL
1795;ING;2101;2;ECUACIONES DIFERENCIALES;6;;15:30 -17:20;;;;;20-03-2018;H-108;PRBA;BALLESTEROS/VERGARA RAIMUNDO TOMAS;PROGRAMACION,CALCULO I,ALGEBRA LINEAL
1795;ING;2101;2;ECUACIONES DIFERENCIALES;6;;15:30 -17:20;;;;;10-04-2018;H-108;PRBA;BALLESTEROS/VERGARA RAIMUNDO TOMAS;PROGRAMACION,CALCULO I,ALGEBRA LINEAL
1795;ING;2101;2;ECUACIONES DIFERENCIALES;6;;;;19:30 -22:20;;;03-05-2018;B-33;PRBA;BALLESTEROS/VERGARA RAIMUNDO TOMAS;PROGRAMACION,CALCULO I,ALGEBRA LINEAL
1795;ING;2101;2;ECUACIONES DIFERENCIALES;6;;;;19:30 -22:20;;;24-05-2018;B-33;PRBA;BALLESTEROS/VERGARA RAIMUNDO TOMAS;PROGRAMACION,CALCULO I,ALGEBRA LINEAL
1795;ING;2101;2;ECUACIONES DIFERENCIALES;6;;15:30 -17:20;;;;;05-06-2018;H-108;PRBA;BALLESTEROS/VERGARA RAIMUNDO TOMAS;PROGRAMACION,CALCULO I,ALGEBRA LINEAL
1795;ING;2101;2;ECUACIONES DIFERENCIALES;6;;09:30 -12:20;;;;;19-06-2018;B-33;PRBA;BALLESTEROS/VERGARA RAIMUNDO TOMAS;PROGRAMACION,CALCULO I,ALGEBRA LINEAL
1429;ING;2202;1;ELECTRICIDAD Y MAGNETISMO;6;;;;;13:30 -15:20;;;B-21;AYUD;DESCALZI/MUÑOZ ORAZIO ;CALCULO II,MECANICA Y ONDAS
1429;ING;2202;1;ELECTRICIDAD Y MAGNETISMO;6;10:30 -12:20;;;;;;;B-21;CLAS;DESCALZI/MUÑOZ ORAZIO ;CALCULO II,MECANICA Y ONDAS
1429;ING;2202;1;ELECTRICIDAD Y MAGNETISMO;6;;;10:30 -12:20;;;;;C-013;CLAS;DESCALZI/MUÑOZ ORAZIO ;CALCULO II,MECANICA Y ONDAS
1429;ING;2202;1;ELECTRICIDAD Y MAGNETISMO;6;;;;;;;07-04-2018;B-26;PRBA;DESCALZI/MUÑOZ ORAZIO ;CALCULO II,MECANICA Y ONDAS
1429;ING;2202;1;ELECTRICIDAD Y MAGNETISMO;6;19:30 -22:20;;;;;;14-05-2018;C-203;PRBA;DESCALZI/MUÑOZ ORAZIO ;CALCULO II,MECANICA Y ONDAS
1429;ING;2202;1;ELECTRICIDAD Y MAGNETISMO;6;;;;;19:30 -22:20;;08-06-2018;B-33;PRBA;DESCALZI/MUÑOZ ORAZIO ;CALCULO II,MECANICA Y ONDAS
1429;ING;2202;1;ELECTRICIDAD Y MAGNETISMO;6;09:30 -12:20;;;;;;25-06-2018;C-218;PRBA;DESCALZI/MUÑOZ ORAZIO ;CALCULO II,MECANICA Y ONDAS
1430;ING;2202;2;ELECTRICIDAD Y MAGNETISMO;6;;;;;13:30 -15:20;;;B-20;AYUD;RIVEROS/BEHNKE OSCAR ;CALCULO II,MECANICA Y ONDAS
1430;ING;2202;2;ELECTRICIDAD Y MAGNETISMO;6;10:30 -12:20;;;;;;;CEN 101;CLAS;RIVEROS/BEHNKE OSCAR ;CALCULO II,MECANICA Y ONDAS
1430;ING;2202;2;ELECTRICIDAD Y MAGNETISMO;6;;;10:30 -12:20;;;;;CEN 101;CLAS;RIVEROS/BEHNKE OSCAR ;CALCULO II,MECANICA Y ONDAS
1430;ING;2202;2;ELECTRICIDAD Y MAGNETISMO;6;;;;;;;07-04-2018;B-24;PRBA;RIVEROS/BEHNKE OSCAR ;CALCULO II,MECANICA Y ONDAS
1430;ING;2202;2;ELECTRICIDAD Y MAGNETISMO;6;19:30 -22:20;;;;;;14-05-2018;B-24;PRBA;RIVEROS/BEHNKE OSCAR ;CALCULO II,MECANICA Y ONDAS
1430;ING;2202;2;ELECTRICIDAD Y MAGNETISMO;6;;;;;19:30 -22:20;;08-06-2018;B-24;PRBA;RIVEROS/BEHNKE OSCAR ;CALCULO II,MECANICA Y ONDAS
1430;ING;2202;2;ELECTRICIDAD Y MAGNETISMO;6;09:30 -12:20;;;;;;25-06-2018;B-24;PRBA;RIVEROS/BEHNKE OSCAR ;CALCULO II,MECANICA Y ONDAS
1842;ING;2204;1;ESTATICA;6;15:30 -17:20;;;;;;;C-001;CLAS;TOBAR/PALMA JORGE ANDRES;CALCULO I,MECANICA Y ONDAS
1842;ING;2204;1;ESTATICA;6;;15:30 -17:20;;;;;;C-001;CLAS;TOBAR/PALMA JORGE ANDRES;CALCULO I,MECANICA Y ONDAS
1842;ING;2204;1;ESTATICA;6;;09:30 -12:20;;;;;26-06-2018;C-001;PRBA;TOBAR/PALMA JORGE ANDRES;CALCULO I,MECANICA Y ONDAS
2146;ING;2204;2;ESTATICA;0;;;;15:30 -17:20;;;;H-213;AYUD;TOBAR/PALMA JORGE ANDRES;CALCULO I,MECANICA Y ONDAS
2146;ING;2204;2;ESTATICA;0;;;;15:30 -17:20;;;12-04-2018;C-001;PRBA;TOBAR/PALMA JORGE ANDRES;CALCULO I,MECANICA Y ONDAS
2146;ING;2204;2;ESTATICA;0;;;;15:30 -17:20;;;10-05-2018;H-213;PRBA;TOBAR/PALMA JORGE ANDRES;CALCULO I,MECANICA Y ONDAS
2146;ING;2204;2;ESTATICA;0;;;;15:30 -17:20;;;07-06-2018;H-213;PRBA;TOBAR/PALMA JORGE ANDRES;CALCULO I,MECANICA Y ONDAS
2148;ING;2204;4;ESTATICA;0;;;;15:30 -17:20;;;;C-221;AYUD;TOBAR/PALMA JORGE ANDRES;CALCULO I,MECANICA Y ONDAS
2148;ING;2204;4;ESTATICA;0;;;;15:30 -17:20;;;12-04-2018;C-001;PRBA;TOBAR/PALMA JORGE ANDRES;CALCULO I,MECANICA Y ONDAS
2148;ING;2204;4;ESTATICA;0;;;;15:30 -17:20;;;10-05-2018;C-221;PRBA;TOBAR/PALMA JORGE ANDRES;CALCULO I,MECANICA Y ONDAS
2148;ING;2204;4;ESTATICA;0;;;;15:30 -17:20;;;07-06-2018;C-221;PRBA;TOBAR/PALMA JORGE ANDRES;CALCULO I,MECANICA Y ONDAS
1944;ING;3104;1;ETICA;3;;;;13:30 -15:20;;;;C-209;CLAS;HERREROS/BESA ALFONSO JAVIER;ANTROPOLOGIA FILOSOFICA
1945;ING;3104;2;ETICA;3;;;;13:30 -15:20;;;;R-03;CLAS;FERNANDEZ/ZAPICO MARIA BEGOÑA;ANTROPOLOGIA FILOSOFICA
1946;ING;3104;3;ETICA;3;;;08:30 -10:20;;;;;C-116;CLAS;MAILLET/ARANGUIZ PABLO GASTON;ANTROPOLOGIA FILOSOFICA
1949;ING;4105;1;FILOSOFIA DE LAS CIENCIAS;3;;15:30 -17:20;;;;;;C-101;CLAS;VERGARA/ROSS ANDRES;ETICA
1879;ICI;4103;1;FINANZAS;6;;;12:30 -15:20;;;;;C-209;CLAS;GARCIA/ECHALAR ANDRES ;FUNDAMENTOS DE ECONOMIA
1879;ICI;4103;1;FINANZAS;6;;;;;;;21-04-2018;B-22+B-24;PRBA;GARCIA/ECHALAR ANDRES ;FUNDAMENTOS DE ECONOMIA
1879;ICI;4103;1;FINANZAS;6;;;;;;;09-06-2018;R-27;PRBA;GARCIA/ECHALAR ANDRES ;FUNDAMENTOS DE ECONOMIA
1879;ICI;4103;1;FINANZAS;6;;;;;08:30 -10:20;;22-06-2018;H-108;PRBA;GARCIA/ECHALAR ANDRES ;FUNDAMENTOS DE ECONOMIA
1881;ICI;4103;2;FINANZAS;6;;08:30 -09:20;;;;;;H-011;CLAS;GARCIA/MAC-LEAN PAULO IGNACIO;FUNDAMENTOS DE ECONOMIA
1881;ICI;4103;2;FINANZAS;6;;;;;08:30 -10:20;;;C-209;CLAS;GARCIA/MAC-LEAN PAULO IGNACIO;FUNDAMENTOS DE ECONOMIA
1881;ICI;4103;2;FINANZAS;6;;;;;;;21-04-2018;C-001;PRBA;GARCIA/MAC-LEAN PAULO IGNACIO;FUNDAMENTOS DE ECONOMIA
1881;ICI;4103;2;FINANZAS;6;;;;;;;09-06-2018;C-001;PRBA;GARCIA/MAC-LEAN PAULO IGNACIO;FUNDAMENTOS DE ECONOMIA
1881;ICI;4103;2;FINANZAS;6;;;;;08:30 -10:20;;22-06-2018;B-24;PRBA;GARCIA/MAC-LEAN PAULO IGNACIO;FUNDAMENTOS DE ECONOMIA
1845;IOC;3203;1;FLUID MECHANICS;6;;15:30 -17:20;;;;;;H-211;AYUD;MORENO/CASAS PATRICIO ALEJANDRO;ECUACIONES DIFERENCIALES,ESTATICA
1845;IOC;3203;1;FLUID MECHANICS;6;;;;10:30 -13:20;;;;B-35;CLAS;MORENO/CASAS PATRICIO ALEJANDRO;ECUACIONES DIFERENCIALES,ESTATICA
1845;IOC;3203;1;FLUID MECHANICS;6;;;;;;;05-05-2018;B-21;PRBA;MORENO/CASAS PATRICIO ALEJANDRO;ECUACIONES DIFERENCIALES,ESTATICA
1845;IOC;3203;1;FLUID MECHANICS;6;19:30 -22:20;;;;;;04-06-2018;B-33;PRBA;MORENO/CASAS PATRICIO ALEJANDRO;ECUACIONES DIFERENCIALES,ESTATICA
1845;IOC;3203;1;FLUID MECHANICS;6;14:30 -17:20;;;;;;18-06-2018;C-203;PRBA;MORENO/CASAS PATRICIO ALEJANDRO;ECUACIONES DIFERENCIALES,ESTATICA
1883;ING;2104;1;FUNDAMENTOS DE ECONOMIA;5;;;08:30 -09:20;;;;;H-013;CLAS;ORTIZ/CASTILLO JUAN LEONARDO;ALGEBRA E INTRODUCCION AL CALC
1883;ING;2104;1;FUNDAMENTOS DE ECONOMIA;5;;;;;08:30 -10:20;;;H-013;CLAS;ORTIZ/CASTILLO JUAN LEONARDO;ALGEBRA E INTRODUCCION AL CALC
1883;ING;2104;1;FUNDAMENTOS DE ECONOMIA;5;;;;;;;14-04-2018;C-001;PRBA;ORTIZ/CASTILLO JUAN LEONARDO;ALGEBRA E INTRODUCCION AL CALC
1883;ING;2104;1;FUNDAMENTOS DE ECONOMIA;5;;;;;19:30 -22:20;;01-06-2018;C-001;PRBA;ORTIZ/CASTILLO JUAN LEONARDO;ALGEBRA E INTRODUCCION AL CALC
1883;ING;2104;1;FUNDAMENTOS DE ECONOMIA;5;;;;;08:30 -10:20;;22-06-2018;H-013;PRBA;ORTIZ/CASTILLO JUAN LEONARDO;ALGEBRA E INTRODUCCION AL CALC
1884;ING;2104;2;FUNDAMENTOS DE ECONOMIA;5;;;08:30 -09:20;;;;;B-22;CLAS;GARCIA/ECHALAR ANDRES ;ALGEBRA E INTRODUCCION AL CALC
1884;ING;2104;2;FUNDAMENTOS DE ECONOMIA;5;;;;;08:30 -10:20;;;B-22;CLAS;GARCIA/ECHALAR ANDRES ;ALGEBRA E INTRODUCCION AL CALC
1884;ING;2104;2;FUNDAMENTOS DE ECONOMIA;5;;;;;;;14-04-2018;B-22+B-24;PRBA;GARCIA/ECHALAR ANDRES ;ALGEBRA E INTRODUCCION AL CALC
1884;ING;2104;2;FUNDAMENTOS DE ECONOMIA;5;;;;;19:30 -22:20;;01-06-2018;B-22;PRBA;GARCIA/ECHALAR ANDRES ;ALGEBRA E INTRODUCCION AL CALC
1884;ING;2104;2;FUNDAMENTOS DE ECONOMIA;5;;;;;08:30 -10:20;;22-06-2018;H-011;PRBA;GARCIA/ECHALAR ANDRES ;ALGEBRA E INTRODUCCION AL CALC
1052;ICA;7000;1;FUNDAMENTOS DE ING DE PROCESOS;6;;;;;17:30 -19:20;;;C-221;AYUD;MATEO/BRUNO MAGDA ;
1052;ICA;7000;1;FUNDAMENTOS DE ING DE PROCESOS;6;17:30 -19:20;;;;;;;C-018;CLAS;MATEO/BRUNO MAGDA ;
1052;ICA;7000;1;FUNDAMENTOS DE ING DE PROCESOS;6;;;12:30 -13:20;;;;;H-208;CLAS;MATEO/BRUNO MAGDA ;
1052;ICA;7000;1;FUNDAMENTOS DE ING DE PROCESOS;6;17:30 -19:20;;;;;;26-03-2018;C-018;PRBA;MATEO/BRUNO MAGDA ;
1052;ICA;7000;1;FUNDAMENTOS DE ING DE PROCESOS;6;17:30 -19:20;;;;;;23-04-2018;C-018;PRBA;MATEO/BRUNO MAGDA ;
1052;ICA;7000;1;FUNDAMENTOS DE ING DE PROCESOS;6;17:30 -19:20;;;;;;14-05-2018;C-018;PRBA;MATEO/BRUNO MAGDA ;
1052;ICA;7000;1;FUNDAMENTOS DE ING DE PROCESOS;6;17:30 -19:20;;;;;;04-06-2018;C-018;PRBA;MATEO/BRUNO MAGDA ;
1052;ICA;7000;1;FUNDAMENTOS DE ING DE PROCESOS;6;14:30 -17:20;;;;;;18-06-2018;B-33;PRBA;MATEO/BRUNO MAGDA ;
1433;ING;1102;1;FUNDAMENTOS DE QUIMICA;5;;13:30 -15:20;;;;;;C-114;AYUD;VALDEBENITO/DE LOS REYES ANDREA ;
1433;ING;1102;1;FUNDAMENTOS DE QUIMICA;5;;;12:30 -15:20;;;;;C-116;CLAS;VALDEBENITO/DE LOS REYES ANDREA ;
1433;ING;1102;1;FUNDAMENTOS DE QUIMICA;5;;;;13:30 -15:20;;;;L.CS.ING.;LABT;VALDEBENITO/DE LOS REYES ANDREA ;
1433;ING;1102;1;FUNDAMENTOS DE QUIMICA;5;;13:30 -15:20;;;;;27-03-2018;C-114;PRBA;VALDEBENITO/DE LOS REYES ANDREA ;
1433;ING;1102;1;FUNDAMENTOS DE QUIMICA;5;;13:30 -15:20;;;;;17-04-2018;C-114;PRBA;VALDEBENITO/DE LOS REYES ANDREA ;
1433;ING;1102;1;FUNDAMENTOS DE QUIMICA;5;;13:30 -15:20;;;;;08-05-2018;C-114;PRBA;VALDEBENITO/DE LOS REYES ANDREA ;
1433;ING;1102;1;FUNDAMENTOS DE QUIMICA;5;;13:30 -15:20;;;;;05-06-2018;C-114;PRBA;VALDEBENITO/DE LOS REYES ANDREA ;
1433;ING;1102;1;FUNDAMENTOS DE QUIMICA;5;;09:30 -12:20;;;;;19-06-2018;H-013;PRBA;VALDEBENITO/DE LOS REYES ANDREA ;
1434;ING;1102;2;FUNDAMENTOS DE QUIMICA;5;;13:30 -15:20;;;;;;C-104;AYUD;VALDEBENITO/DE LOS REYES ANDREA ;
1434;ING;1102;2;FUNDAMENTOS DE QUIMICA;5;;;;12:30 -15:20;;;;H-211;CLAS;VALDEBENITO/DE LOS REYES ANDREA ;
1434;ING;1102;2;FUNDAMENTOS DE QUIMICA;5;;;13:30 -15:20;;;;;L.CS.ING.;LABT;VALDEBENITO/DE LOS REYES ANDREA ;
1434;ING;1102;2;FUNDAMENTOS DE QUIMICA;5;;13:30 -15:20;;;;;27-03-2018;C-104;PRBA;VALDEBENITO/DE LOS REYES ANDREA ;
1434;ING;1102;2;FUNDAMENTOS DE QUIMICA;5;;13:30 -15:20;;;;;17-04-2018;C-104;PRBA;VALDEBENITO/DE LOS REYES ANDREA ;
1434;ING;1102;2;FUNDAMENTOS DE QUIMICA;5;;13:30 -15:20;;;;;08-05-2018;C-104;PRBA;VALDEBENITO/DE LOS REYES ANDREA ;
1434;ING;1102;2;FUNDAMENTOS DE QUIMICA;5;;13:30 -15:20;;;;;05-06-2018;C-104;PRBA;VALDEBENITO/DE LOS REYES ANDREA ;
1434;ING;1102;2;FUNDAMENTOS DE QUIMICA;5;;09:30 -12:20;;;;;19-06-2018;B-21;PRBA;VALDEBENITO/DE LOS REYES ANDREA ;
1435;ING;1102;3;FUNDAMENTOS DE QUIMICA;5;;13:30 -15:20;;;;;;R-12;AYUD;MUNOZ/MOENA LISA ANDREA;
1435;ING;1102;3;FUNDAMENTOS DE QUIMICA;5;;;;12:30 -15:20;;;;C-221;CLAS;MUNOZ/MOENA LISA ANDREA;
1435;ING;1102;3;FUNDAMENTOS DE QUIMICA;5;;;13:30 -15:20;;;;;L.CS.ING.;LABT;MUNOZ/MOENA LISA ANDREA;
1435;ING;1102;3;FUNDAMENTOS DE QUIMICA;5;;13:30 -15:20;;;;;27-03-2018;R-12;PRBA;MUNOZ/MOENA LISA ANDREA;
1435;ING;1102;3;FUNDAMENTOS DE QUIMICA;5;;13:30 -15:20;;;;;17-04-2018;R-12;PRBA;MUNOZ/MOENA LISA ANDREA;
1435;ING;1102;3;FUNDAMENTOS DE QUIMICA;5;;13:30 -15:20;;;;;08-05-2018;R-12;PRBA;MUNOZ/MOENA LISA ANDREA;
1435;ING;1102;3;FUNDAMENTOS DE QUIMICA;5;;13:30 -15:20;;;;;05-06-2018;R-12;PRBA;MUNOZ/MOENA LISA ANDREA;
1435;ING;1102;3;FUNDAMENTOS DE QUIMICA;5;;09:30 -12:20;;;;;19-06-2018;H-103;PRBA;MUNOZ/MOENA LISA ANDREA;
1436;ING;1102;4;FUNDAMENTOS DE QUIMICA;5;;13:30 -15:20;;;;;;C-221;AYUD;SAN MARTIN/DAVISON JESSICA KATHERINE;
1436;ING;1102;4;FUNDAMENTOS DE QUIMICA;5;;;12:30 -15:20;;;;;C-105;CLAS;SAN MARTIN/DAVISON JESSICA KATHERINE;
1436;ING;1102;4;FUNDAMENTOS DE QUIMICA;5;;;;15:30 -17:20;;;;L.CS.ING.;LABT;SAN MARTIN/DAVISON JESSICA KATHERINE;
1436;ING;1102;4;FUNDAMENTOS DE QUIMICA;5;;13:30 -15:20;;;;;27-03-2018;C-221;PRBA;SAN MARTIN/DAVISON JESSICA KATHERINE;
1436;ING;1102;4;FUNDAMENTOS DE QUIMICA;5;;13:30 -15:20;;;;;17-04-2018;C-221;PRBA;SAN MARTIN/DAVISON JESSICA KATHERINE;
1436;ING;1102;4;FUNDAMENTOS DE QUIMICA;5;;13:30 -15:20;;;;;08-05-2018;C-221;PRBA;SAN MARTIN/DAVISON JESSICA KATHERINE;
1436;ING;1102;4;FUNDAMENTOS DE QUIMICA;5;;13:30 -15:20;;;;;05-06-2018;C-221;PRBA;SAN MARTIN/DAVISON JESSICA KATHERINE;
1436;ING;1102;4;FUNDAMENTOS DE QUIMICA;5;;09:30 -12:20;;;;;19-06-2018;C-001;PRBA;SAN MARTIN/DAVISON JESSICA KATHERINE;
1886;ICI;4101;1;GESTION DE OPERACIONES;6;13:30 -15:20;;;;;;;C-001;AYUD;GONZALEZ/RAMIREZ ROSA GUADALUPE;PROGRAMACION MATEMATICA
1886;ICI;4101;1;GESTION DE OPERACIONES;6;;;;12:30 -15:20;;;;C-001;CLAS;GONZALEZ/RAMIREZ ROSA GUADALUPE;PROGRAMACION MATEMATICA
1886;ICI;4101;1;GESTION DE OPERACIONES;6;;;;12:30 -15:20;;;26-04-2018;C-001;PRBA;GONZALEZ/RAMIREZ ROSA GUADALUPE;PROGRAMACION MATEMATICA
1886;ICI;4101;1;GESTION DE OPERACIONES;6;;;;12:30 -15:20;;;07-06-2018;C-001;PRBA;GONZALEZ/RAMIREZ ROSA GUADALUPE;PROGRAMACION MATEMATICA
1886;ICI;4101;1;GESTION DE OPERACIONES;6;;;;14:30 -17:20;;;28-06-2018;C-001;PRBA;GONZALEZ/RAMIREZ ROSA GUADALUPE;PROGRAMACION MATEMATICA
1847;IOC;4103;1;HIDRAULICA;6;;15:30 -17:20;;;;;;CEN 102;AYUD;LOYOLA/NUÑEZ OSCAR PATRICIO ALBERTO;FLUID MECHANICS
1847;IOC;4103;1;HIDRAULICA;6;;;;17:30 -18:20;;;;C-116;CLAS;LOYOLA/NUÑEZ OSCAR PATRICIO ALBERTO;FLUID MECHANICS
1847;IOC;4103;1;HIDRAULICA;6;;;;;17:30 -19:20;;;C-116;CLAS;LOYOLA/NUÑEZ OSCAR PATRICIO ALBERTO;FLUID MECHANICS
1847;IOC;4103;1;HIDRAULICA;6;;;;19:30 -22:20;;;12-04-2018;C-203;PRBA;LOYOLA/NUÑEZ OSCAR PATRICIO ALBERTO;FLUID MECHANICS
1847;IOC;4103;1;HIDRAULICA;6;;;;;19:30 -22:20;;01-06-2018;B-33;PRBA;LOYOLA/NUÑEZ OSCAR PATRICIO ALBERTO;FLUID MECHANICS
1847;IOC;4103;1;HIDRAULICA;6;14:30 -17:20;;;;;;18-06-2018;C-209;PRBA;LOYOLA/NUÑEZ OSCAR PATRICIO ALBERTO;FLUID MECHANICS
1849;IOC;4203;1;HIDROLOGIA;6;15:30 -17:20;;;;;;;C-116;AYUD;ARROSPIDE/ALARCON FELIPE ANTONIO;PROBABILIDADES Y ESTADISTICA,HIDRAULICA
1849;IOC;4203;1;HIDROLOGIA;6;08:30 -09:20;;;;;;;H-016;CLAS;ARROSPIDE/ALARCON FELIPE ANTONIO;PROBABILIDADES Y ESTADISTICA,HIDRAULICA
1849;IOC;4203;1;HIDROLOGIA;6;;;;08:30 -10:20;;;;H-108;CLAS;ARROSPIDE/ALARCON FELIPE ANTONIO;PROBABILIDADES Y ESTADISTICA,HIDRAULICA
1849;IOC;4203;1;HIDROLOGIA;6;;;;;19:30 -22:20;;13-04-2018;B-33;PRBA;ARROSPIDE/ALARCON FELIPE ANTONIO;PROBABILIDADES Y ESTADISTICA,HIDRAULICA
1849;IOC;4203;1;HIDROLOGIA;6;;;;19:30 -22:20;;;31-05-2018;B-33;PRBA;ARROSPIDE/ALARCON FELIPE ANTONIO;PROBABILIDADES Y ESTADISTICA,HIDRAULICA
1849;IOC;4203;1;HIDROLOGIA;6;14:30 -17:20;;;;;;18-06-2018;C-213;PRBA;ARROSPIDE/ALARCON FELIPE ANTONIO;PROBABILIDADES Y ESTADISTICA,HIDRAULICA
1851;IOC;4101;1;HORMIGON ARMADO;6;;;13:30 -15:20;;;;;C-219;AYUD;VALENZUELA/ROEDIGER MAURICIO ESTEBAN;ANALISIS ESTRUCTURAL
1851;IOC;4101;1;HORMIGON ARMADO;6;;09:30 -10:20;;;;;;H-203;CLAS;VALENZUELA/ROEDIGER MAURICIO ESTEBAN;ANALISIS ESTRUCTURAL
1851;IOC;4101;1;HORMIGON ARMADO;6;;;08:30 -10:20;;;;;C-205;CLAS;VALENZUELA/ROEDIGER MAURICIO ESTEBAN;ANALISIS ESTRUCTURAL
1851;IOC;4101;1;HORMIGON ARMADO;6;19:30 -22:20;;;;;;09-04-2018;R-25;PRBA;VALENZUELA/ROEDIGER MAURICIO ESTEBAN;ANALISIS ESTRUCTURAL
1851;IOC;4101;1;HORMIGON ARMADO;6;19:30 -22:20;;;;;;07-05-2018;R-25;PRBA;VALENZUELA/ROEDIGER MAURICIO ESTEBAN;ANALISIS ESTRUCTURAL
1851;IOC;4101;1;HORMIGON ARMADO;6;;;;;19:30 -22:20;;08-06-2018;R-25;PRBA;VALENZUELA/ROEDIGER MAURICIO ESTEBAN;ANALISIS ESTRUCTURAL
1851;IOC;4101;1;HORMIGON ARMADO;6;;;;;08:30 -10:20;;22-06-2018;R-25;PRBA;VALENZUELA/ROEDIGER MAURICIO ESTEBAN;ANALISIS ESTRUCTURAL
1063;ICA;4204;1;INGIENERIA DE BIOPROCESOS AMBI;6;15:30 -17:20;;;;;;;C-014;AYUD;SCOTT/CONTADOR FELIPE IGNACIO;CINETICA Y DISEÑO DE REAC.QUIM,MICROBIOLOGIA INDUSTRIAL Y AMBIENTAL
1063;ICA;4204;1;INGIENERIA DE BIOPROCESOS AMBI;6;09:30 -10:20;;;;;;;M-102;CLAS;SCOTT/CONTADOR FELIPE IGNACIO;CINETICA Y DISEÑO DE REAC.QUIM,MICROBIOLOGIA INDUSTRIAL Y AMBIENTAL
1063;ICA;4204;1;INGIENERIA DE BIOPROCESOS AMBI;6;;;10:30 -12:20;;;;;C-204;CLAS;SCOTT/CONTADOR FELIPE IGNACIO;CINETICA Y DISEÑO DE REAC.QUIM,MICROBIOLOGIA INDUSTRIAL Y AMBIENTAL
1063;ICA;4204;1;INGIENERIA DE BIOPROCESOS AMBI;6;;;10:30 -12:20;;;;28-03-2018;C-204;PRBA;SCOTT/CONTADOR FELIPE IGNACIO;CINETICA Y DISEÑO DE REAC.QUIM,MICROBIOLOGIA INDUSTRIAL Y AMBIENTAL
1063;ICA;4204;1;INGIENERIA DE BIOPROCESOS AMBI;6;;;10:30 -12:20;;;;18-04-2018;C-204;PRBA;SCOTT/CONTADOR FELIPE IGNACIO;CINETICA Y DISEÑO DE REAC.QUIM,MICROBIOLOGIA INDUSTRIAL Y AMBIENTAL
1063;ICA;4204;1;INGIENERIA DE BIOPROCESOS AMBI;6;;;10:30 -12:20;;;;16-05-2018;C-204;PRBA;SCOTT/CONTADOR FELIPE IGNACIO;CINETICA Y DISEÑO DE REAC.QUIM,MICROBIOLOGIA INDUSTRIAL Y AMBIENTAL
1063;ICA;4204;1;INGIENERIA DE BIOPROCESOS AMBI;6;;;10:30 -12:20;;;;13-06-2018;C-204;PRBA;SCOTT/CONTADOR FELIPE IGNACIO;CINETICA Y DISEÑO DE REAC.QUIM,MICROBIOLOGIA INDUSTRIAL Y AMBIENTAL
1063;ICA;4204;1;INGIENERIA DE BIOPROCESOS AMBI;6;14:30 -17:20;;;;;;25-06-2018;B-26;PRBA;SCOTT/CONTADOR FELIPE IGNACIO;CINETICA Y DISEÑO DE REAC.QUIM,MICROBIOLOGIA INDUSTRIAL Y AMBIENTAL
1953;ING;4104;1;INNOVATION WORKSHOP;3;;;;;13:30 -15:20;;;CEN 101;CLAS;GARCIA/SCHNEIDER CRISTIAN PATRICIO;
1954;ING;4104;2;INNOVATION WORKSHOP;3;;;;;15:30 -17:20;;;CEN 101;CLAS;GARCIA/SCHNEIDER CRISTIAN PATRICIO;
1955;ING;4104;3;INNOVATION WORKSHOP;3;;;;;17:30 -19:20;;;C-013;CLAS;GARCIA/SCHNEIDER CRISTIAN PATRICIO;
1853;IOC;3204;1;INTRODUCCION A LA GEOMECANICA;6;;08:30 -11:20;;;;;;H-201;CLAS;ROUSE/HOLLEMART PASCALE CORINE;MECANICA DE MATERIALES
1853;IOC;3204;1;INTRODUCCION A LA GEOMECANICA;6;19:30 -22:20;;;;;;26-03-2018;C-013;PRBA;ROUSE/HOLLEMART PASCALE CORINE;MECANICA DE MATERIALES
1853;IOC;3204;1;INTRODUCCION A LA GEOMECANICA;6;;;;19:30 -22:20;;;26-04-2018;C-013;PRBA;ROUSE/HOLLEMART PASCALE CORINE;MECANICA DE MATERIALES
1853;IOC;3204;1;INTRODUCCION A LA GEOMECANICA;6;;;;;;;09-06-2018;C-013;PRBA;ROUSE/HOLLEMART PASCALE CORINE;MECANICA DE MATERIALES
1853;IOC;3204;1;INTRODUCCION A LA GEOMECANICA;6;;09:30 -12:20;;;;;26-06-2018;C-013;PRBA;ROUSE/HOLLEMART PASCALE CORINE;MECANICA DE MATERIALES
1438;ING;1203;1;INTRODUCCION A LA MECANICA;6;;;;;13:30 -15:20;;;H-116;AYUD;CISTERNAS/ELGUETA JAIME EDUARDO ;ALGEBRA E INTRODUCCION AL CALC
1438;ING;1203;1;INTRODUCCION A LA MECANICA;6;10:30 -12:20;;;;;;;C-221;CLAS;CISTERNAS/ELGUETA JAIME EDUARDO ;ALGEBRA E INTRODUCCION AL CALC
1438;ING;1203;1;INTRODUCCION A LA MECANICA;6;;10:30 -12:20;;;;;;H-208;CLAS;CISTERNAS/ELGUETA JAIME EDUARDO ;ALGEBRA E INTRODUCCION AL CALC
1438;ING;1203;1;INTRODUCCION A LA MECANICA;6;;;;;;;07-04-2018;R-27;PRBA;CISTERNAS/ELGUETA JAIME EDUARDO ;ALGEBRA E INTRODUCCION AL CALC
1438;ING;1203;1;INTRODUCCION A LA MECANICA;6;19:30 -22:20;;;;;;14-05-2018;C-017;PRBA;CISTERNAS/ELGUETA JAIME EDUARDO ;ALGEBRA E INTRODUCCION AL CALC
1438;ING;1203;1;INTRODUCCION A LA MECANICA;6;;;;;19:30 -22:20;;08-06-2018;C-109;PRBA;CISTERNAS/ELGUETA JAIME EDUARDO ;ALGEBRA E INTRODUCCION AL CALC
1438;ING;1203;1;INTRODUCCION A LA MECANICA;6;09:30 -12:20;;;;;;25-06-2018;C-109;PRBA;CISTERNAS/ELGUETA JAIME EDUARDO ;ALGEBRA E INTRODUCCION AL CALC
1439;ING;1203;2;INTRODUCCION A LA MECANICA;6;;;;;13:30 -15:20;;;B-22;AYUD;ROMERO/ZUÑIGA CLAUDIO REINALDO;ALGEBRA E INTRODUCCION AL CALC
1439;ING;1203;2;INTRODUCCION A LA MECANICA;6;08:30 -10:20;;;;;;;B-34;CLAS;ROMERO/ZUÑIGA CLAUDIO REINALDO;ALGEBRA E INTRODUCCION AL CALC
1439;ING;1203;2;INTRODUCCION A LA MECANICA;6;;;;;08:30 -10:20;;;C-217;CLAS;ROMERO/ZUÑIGA CLAUDIO REINALDO;ALGEBRA E INTRODUCCION AL CALC
1439;ING;1203;2;INTRODUCCION A LA MECANICA;6;;;;;;;07-04-2018;B-33;PRBA;ROMERO/ZUÑIGA CLAUDIO REINALDO;ALGEBRA E INTRODUCCION AL CALC
1439;ING;1203;2;INTRODUCCION A LA MECANICA;6;19:30 -22:20;;;;;;14-05-2018;B-33;PRBA;ROMERO/ZUÑIGA CLAUDIO REINALDO;ALGEBRA E INTRODUCCION AL CALC
1439;ING;1203;2;INTRODUCCION A LA MECANICA;6;;;;;19:30 -22:20;;08-06-2018;R-27;PRBA;ROMERO/ZUÑIGA CLAUDIO REINALDO;ALGEBRA E INTRODUCCION AL CALC
1439;ING;1203;2;INTRODUCCION A LA MECANICA;6;09:30 -12:20;;;;;;25-06-2018;C-017;PRBA;ROMERO/ZUÑIGA CLAUDIO REINALDO;ALGEBRA E INTRODUCCION AL CALC
1734;ICE;4102;1;INTRODUCCION A LAS COMUNICACIO;6;17:30 -19:20;;;;;;;C-025;CLAS;AMENABAR/VELASCO DIEGO JOSE;PROBABILIDADES Y ESTADISTICA,PROCESAMIENTO DE SEÑALES
1734;ICE;4102;1;INTRODUCCION A LAS COMUNICACIO;6;;;;18:30 -19:20;;;;C-025;CLAS;AMENABAR/VELASCO DIEGO JOSE;PROBABILIDADES Y ESTADISTICA,PROCESAMIENTO DE SEÑALES
1734;ICE;4102;1;INTRODUCCION A LAS COMUNICACIO;6;17:30 -19:20;;;;;;16-04-2018;C-025;PRBA;AMENABAR/VELASCO DIEGO JOSE;PROBABILIDADES Y ESTADISTICA,PROCESAMIENTO DE SEÑALES
1734;ICE;4102;1;INTRODUCCION A LAS COMUNICACIO;6;17:30 -19:20;;;;;;04-06-2018;C-025;PRBA;AMENABAR/VELASCO DIEGO JOSE;PROBABILIDADES Y ESTADISTICA,PROCESAMIENTO DE SEÑALES
1734;ICE;4102;1;INTRODUCCION A LAS COMUNICACIO;6;;;;;;;23-06-2018;R-11;PRBA;AMENABAR/VELASCO DIEGO JOSE;PROBABILIDADES Y ESTADISTICA,PROCESAMIENTO DE SEÑALES
1060;ICA;4102;1;MAQUINAS DE TRANSFORMACION FIS;6;;;;15:30 -17:20;;;;R-04;AYUD;GUERRERO/RUZ SICHEM ;BALANCE DE MATERIA Y ENERGIA,FLUID MECHANICS
1060;ICA;4102;1;MAQUINAS DE TRANSFORMACION FIS;6;13:30 -15:20;;;;;;;R-29;CLAS;GUERRERO/RUZ SICHEM ;BALANCE DE MATERIA Y ENERGIA,FLUID MECHANICS
1060;ICA;4102;1;MAQUINAS DE TRANSFORMACION FIS;6;;;;14:30 -15:20;;;;C-117;CLAS;GUERRERO/RUZ SICHEM ;BALANCE DE MATERIA Y ENERGIA,FLUID MECHANICS
1060;ICA;4102;1;MAQUINAS DE TRANSFORMACION FIS;6;13:30 -15:20;;;;;;09-04-2018;R-29;PRBA;GUERRERO/RUZ SICHEM ;BALANCE DE MATERIA Y ENERGIA,FLUID MECHANICS
1060;ICA;4102;1;MAQUINAS DE TRANSFORMACION FIS;6;13:30 -15:20;;;;;;23-04-2018;R-29;PRBA;GUERRERO/RUZ SICHEM ;BALANCE DE MATERIA Y ENERGIA,FLUID MECHANICS
1060;ICA;4102;1;MAQUINAS DE TRANSFORMACION FIS;6;13:30 -15:20;;;;;;28-05-2018;R-29;PRBA;GUERRERO/RUZ SICHEM ;BALANCE DE MATERIA Y ENERGIA,FLUID MECHANICS
1060;ICA;4102;1;MAQUINAS DE TRANSFORMACION FIS;6;13:30 -15:20;;;;;;11-06-2018;R-29;PRBA;GUERRERO/RUZ SICHEM ;BALANCE DE MATERIA Y ENERGIA,FLUID MECHANICS
1060;ICA;4102;1;MAQUINAS DE TRANSFORMACION FIS;6;;09:30 -12:20;;;;;26-06-2018;R-29;PRBA;GUERRERO/RUZ SICHEM ;BALANCE DE MATERIA Y ENERGIA,FLUID MECHANICS
1888;ICI;4102;1;MARKETING;6;;09:30 -12:20;;;;;;H-011;CLAS;OLIVARES/SANTANDER FRANCISCA PAZ;METODOS ESTADISTICOS PARA LA G
1888;ICI;4102;1;MARKETING;6;;09:30 -12:20;;;;;24-04-2018;H-011;PRBA;OLIVARES/SANTANDER FRANCISCA PAZ;METODOS ESTADISTICOS PARA LA G
1888;ICI;4102;1;MARKETING;6;;09:30 -12:20;;;;;12-06-2018;H-011;PRBA;OLIVARES/SANTANDER FRANCISCA PAZ;METODOS ESTADISTICOS PARA LA G
1888;ICI;4102;1;MARKETING;6;;09:30 -12:20;;;;;19-06-2018;H-011;PRBA;OLIVARES/SANTANDER FRANCISCA PAZ;METODOS ESTADISTICOS PARA LA G
1856;IOC;4102;1;MATERIALES DE CONSTRUCCION;6;13:30 -15:20;;;;;;;B-31;CLAS;PAUL/QUIROZ ALVARO RAFAEL;FUNDAMENTOS DE QUIMICA,TOPOGRAFIA
1856;IOC;4102;1;MATERIALES DE CONSTRUCCION;6;;;;13:30 -14:20;;;;C-117;CLAS;PAUL/QUIROZ ALVARO RAFAEL;FUNDAMENTOS DE QUIMICA,TOPOGRAFIA
1856;IOC;4102;1;MATERIALES DE CONSTRUCCION;6;;;;;19:30 -22:20;;06-04-2018;C-018;PRBA;PAUL/QUIROZ ALVARO RAFAEL;FUNDAMENTOS DE QUIMICA,TOPOGRAFIA
1856;IOC;4102;1;MATERIALES DE CONSTRUCCION;6;;;;19:30 -22:20;;;03-05-2018;C-018;PRBA;PAUL/QUIROZ ALVARO RAFAEL;FUNDAMENTOS DE QUIMICA,TOPOGRAFIA
1856;IOC;4102;1;MATERIALES DE CONSTRUCCION;6;19:30 -22:20;;;;;;11-06-2018;C-018;PRBA;PAUL/QUIROZ ALVARO RAFAEL;FUNDAMENTOS DE QUIMICA,TOPOGRAFIA
1856;IOC;4102;1;MATERIALES DE CONSTRUCCION;6;;;;;08:30 -10:20;;29-06-2018;C-018;PRBA;PAUL/QUIROZ ALVARO RAFAEL;FUNDAMENTOS DE QUIMICA,TOPOGRAFIA
1858;IOC;3101;1;MECANICA DE MATERIALES;6;15:30 -17:20;;;;;;;B-20;AYUD;PAUL/QUIROZ ALVARO RAFAEL;ECUACIONES DIFERENCIALES,ESTATICA
1858;IOC;3101;1;MECANICA DE MATERIALES;6;;11:30 -12:20;;;;;;R-27;CLAS;PAUL/QUIROZ ALVARO RAFAEL;ECUACIONES DIFERENCIALES,ESTATICA
1858;IOC;3101;1;MECANICA DE MATERIALES;6;;;;15:30 -17:20;;;;H-221;CLAS;PAUL/QUIROZ ALVARO RAFAEL;ECUACIONES DIFERENCIALES,ESTATICA
1858;IOC;3101;1;MECANICA DE MATERIALES;6;15:30 -17:20;;;;;;19-03-2018;B-20;PRBA;PAUL/QUIROZ ALVARO RAFAEL;ECUACIONES DIFERENCIALES,ESTATICA
1858;IOC;3101;1;MECANICA DE MATERIALES;6;15:30 -17:20;;;;;;16-04-2018;B-20;PRBA;PAUL/QUIROZ ALVARO RAFAEL;ECUACIONES DIFERENCIALES,ESTATICA
1858;IOC;3101;1;MECANICA DE MATERIALES;6;15:30 -17:20;;;;;;07-05-2018;B-20;PRBA;PAUL/QUIROZ ALVARO RAFAEL;ECUACIONES DIFERENCIALES,ESTATICA
1858;IOC;3101;1;MECANICA DE MATERIALES;6;15:30 -17:20;;;;;;11-06-2018;B-20;PRBA;PAUL/QUIROZ ALVARO RAFAEL;ECUACIONES DIFERENCIALES,ESTATICA
1858;IOC;3101;1;MECANICA DE MATERIALES;6;;09:30 -12:20;;;;;26-06-2018;B-33;PRBA;PAUL/QUIROZ ALVARO RAFAEL;ECUACIONES DIFERENCIALES,ESTATICA
1448;ING;2103;1;MECANICA Y ONDAS;6;;;;;13:30 -15:20;;;B-26;AYUD;ESCAFF/DIXON DANIEL ELIAS;INTRODUCCION A LA MECANICA
1448;ING;2103;1;MECANICA Y ONDAS;6;10:30 -12:20;;;;;;;C-114;CLAS;ESCAFF/DIXON DANIEL ELIAS;INTRODUCCION A LA MECANICA
1448;ING;2103;1;MECANICA Y ONDAS;6;;10:30 -12:20;;;;;;B-25;CLAS;ESCAFF/DIXON DANIEL ELIAS;INTRODUCCION A LA MECANICA
1448;ING;2103;1;MECANICA Y ONDAS;6;;;;;;;07-04-2018;R-11 y R-12;PRBA;ESCAFF/DIXON DANIEL ELIAS;INTRODUCCION A LA MECANICA
1448;ING;2103;1;MECANICA Y ONDAS;6;19:30 -22:20;;;;;;14-05-2018;C-109;PRBA;ESCAFF/DIXON DANIEL ELIAS;INTRODUCCION A LA MECANICA
1448;ING;2103;1;MECANICA Y ONDAS;6;;;;;19:30 -22:20;;08-06-2018;C-001;PRBA;ESCAFF/DIXON DANIEL ELIAS;INTRODUCCION A LA MECANICA
1448;ING;2103;1;MECANICA Y ONDAS;6;09:30 -12:20;;;;;;25-06-2018;H-012;PRBA;ESCAFF/DIXON DANIEL ELIAS;INTRODUCCION A LA MECANICA
1449;ING;2103;2;MECANICA Y ONDAS;6;;;;;13:30 -15:20;;;B-25;AYUD;CARTES/MORAGA CARLOS GABRIEL;INTRODUCCION A LA MECANICA
1449;ING;2103;2;MECANICA Y ONDAS;6;10:30 -12:20;;;;;;;B-25;CLAS;CARTES/MORAGA CARLOS GABRIEL;INTRODUCCION A LA MECANICA
1449;ING;2103;2;MECANICA Y ONDAS;6;;10:30 -12:20;;;;;;B-21;CLAS;CARTES/MORAGA CARLOS GABRIEL;INTRODUCCION A LA MECANICA
1449;ING;2103;2;MECANICA Y ONDAS;6;;;;;;;07-04-2018;R-13;PRBA;CARTES/MORAGA CARLOS GABRIEL;INTRODUCCION A LA MECANICA
1449;ING;2103;2;MECANICA Y ONDAS;6;19:30 -22:20;;;;;;14-05-2018;B-22;PRBA;CARTES/MORAGA CARLOS GABRIEL;INTRODUCCION A LA MECANICA
1449;ING;2103;2;MECANICA Y ONDAS;6;;;;;19:30 -22:20;;08-06-2018;B-22;PRBA;CARTES/MORAGA CARLOS GABRIEL;INTRODUCCION A LA MECANICA
1449;ING;2103;2;MECANICA Y ONDAS;6;09:30 -12:20;;;;;;25-06-2018;H-011;PRBA;CARTES/MORAGA CARLOS GABRIEL;INTRODUCCION A LA MECANICA
1890;ICI;3102;1;METODOS ESTADISTICOS PARA LA G;6;;;;17:30 -19:20;;;;B-32;AYUD;QUIJADA/FIGUEROA SERGIO EDUARDO;PROBABILIDADES Y ESTADISTICA
1890;ICI;3102;1;METODOS ESTADISTICOS PARA LA G;6;;;;;13:30 -16:20;;;B-32;CLAS;QUIJADA/FIGUEROA SERGIO EDUARDO;PROBABILIDADES Y ESTADISTICA
1890;ICI;3102;1;METODOS ESTADISTICOS PARA LA G;6;;;;;13:30 -16:20;;13-04-2018;B-32;PRBA;QUIJADA/FIGUEROA SERGIO EDUARDO;PROBABILIDADES Y ESTADISTICA
1890;ICI;3102;1;METODOS ESTADISTICOS PARA LA G;6;;;;;13:30 -16:20;;01-06-2018;B-32;PRBA;QUIJADA/FIGUEROA SERGIO EDUARDO;PROBABILIDADES Y ESTADISTICA
1890;ICI;3102;1;METODOS ESTADISTICOS PARA LA G;6;;;;14:30 -17:20;;;21-06-2018;C-001;PRBA;QUIJADA/FIGUEROA SERGIO EDUARDO;PROBABILIDADES Y ESTADISTICA
1860;IOC;3103;1;METODOS NUMERICOS;6;;;;;13:30 -15:20;;;B-34;AYUD;CARRASCO/BRIONES MIGUEL ANGEL ;PROGRAMACION,CALCULO II
1860;IOC;3103;1;METODOS NUMERICOS;6;;12:30 -15:20;;;;;;H-220;CLAS;CARRASCO/BRIONES MIGUEL ANGEL ;PROGRAMACION,CALCULO II
1860;IOC;3103;1;METODOS NUMERICOS;6;;;;;13:30 -15:20;;20-04-2018;B-34;PRBA;CARRASCO/BRIONES MIGUEL ANGEL ;PROGRAMACION,CALCULO II
1860;IOC;3103;1;METODOS NUMERICOS;6;;;;;13:30 -15:20;;01-06-2018;B-34;PRBA;CARRASCO/BRIONES MIGUEL ANGEL ;PROGRAMACION,CALCULO II
1860;IOC;3103;1;METODOS NUMERICOS;6;;;09:30 -12:20;;;;27-06-2018;C-114;PRBA;CARRASCO/BRIONES MIGUEL ANGEL ;PROGRAMACION,CALCULO II
1892;ICI;3204;1;MICROECONOMIA;6;17:30 -19:20;;;;;;;B-22;AYUD;ORTIZ/CASTILLO JUAN LEONARDO;FUNDAMENTOS DE ECONOMIA
1892;ICI;3204;1;MICROECONOMIA;6;;;09:30 -12:20;;;;;B-22;CLAS;ORTIZ/CASTILLO JUAN LEONARDO;FUNDAMENTOS DE ECONOMIA
1892;ICI;3204;1;MICROECONOMIA;6;;;;19:30 -22:20;;;19-04-2018;B-24;PRBA;ORTIZ/CASTILLO JUAN LEONARDO;FUNDAMENTOS DE ECONOMIA
1892;ICI;3204;1;MICROECONOMIA;6;;;;;;;02-06-2018;B-24;PRBA;ORTIZ/CASTILLO JUAN LEONARDO;FUNDAMENTOS DE ECONOMIA
1892;ICI;3204;1;MICROECONOMIA;6;;;09:30 -12:20;;;;27-06-2018;R-27;PRBA;ORTIZ/CASTILLO JUAN LEONARDO;FUNDAMENTOS DE ECONOMIA
1894;ICI;3201;1;MODELOS ESTOCASTICOS;6;;15:30 -17:20;;;;;;R-27;AYUD;PEREZ/RETAMALES JUAN EDUARDO + HERNANDEZ/GONZALEZ SERGIO PATRICIO;PROBABILIDADES Y ESTADISTICA,OPTIMIZACION
1894;ICI;3201;1;MODELOS ESTOCASTICOS;6;;;12:30 -15:20;;;;;C-017;CLAS;PEREZ/RETAMALES JUAN EDUARDO + HERNANDEZ/GONZALEZ SERGIO PATRICIO;PROBABILIDADES Y ESTADISTICA,OPTIMIZACION
1894;ICI;3201;1;MODELOS ESTOCASTICOS;6;;;12:30 -15:20;;;;11-04-2018;C-017;PRBA;PEREZ/RETAMALES JUAN EDUARDO + HERNANDEZ/GONZALEZ SERGIO PATRICIO;PROBABILIDADES Y ESTADISTICA,OPTIMIZACION
1894;ICI;3201;1;MODELOS ESTOCASTICOS;6;;;12:30 -15:20;;;;06-06-2018;C-017;PRBA;PEREZ/RETAMALES JUAN EDUARDO + HERNANDEZ/GONZALEZ SERGIO PATRICIO;PROBABILIDADES Y ESTADISTICA,OPTIMIZACION
1894;ICI;3201;1;MODELOS ESTOCASTICOS;6;;;;14:30 -17:20;;;21-06-2018;C-017;PRBA;PEREZ/RETAMALES JUAN EDUARDO + HERNANDEZ/GONZALEZ SERGIO PATRICIO;PROBABILIDADES Y ESTADISTICA,OPTIMIZACION
1736;ICE;3203;1;OPTICAL SYSTEMS;6;10:30 -13:20;;;;;;;C-220;CLAS;FUNES/. GUSTAVO LUIS;ELECTRICIDAD Y MAGNETISMO
1736;ICE;3203;1;OPTICAL SYSTEMS;6;;;;08:30 -10:20;;;;FICA-OPT;LABT;FUNES/. GUSTAVO LUIS;ELECTRICIDAD Y MAGNETISMO
1736;ICE;3203;1;OPTICAL SYSTEMS;6;10:30 -13:20;;;;;;09-04-2018;C-220;PRBA;FUNES/. GUSTAVO LUIS;ELECTRICIDAD Y MAGNETISMO
1736;ICE;3203;1;OPTICAL SYSTEMS;6;10:30 -13:20;;;;;;11-06-2018;C-220;PRBA;FUNES/. GUSTAVO LUIS;ELECTRICIDAD Y MAGNETISMO
1736;ICE;3203;1;OPTICAL SYSTEMS;6;;09:30 -12:20;;;;;26-06-2018;C-119;PRBA;FUNES/. GUSTAVO LUIS;ELECTRICIDAD Y MAGNETISMO
1896;ICI;3101;1;OPTIMIZACION;6;;;15:30 -17:20;;;;;C-209;AYUD;VALLE/EGUREN ANDREA ;CALCULO II
1896;ICI;3101;1;OPTIMIZACION;6;;08:30 -11:20;;;;;;R-27;CLAS;VALLE/EGUREN ANDREA ;CALCULO II
1896;ICI;3101;1;OPTIMIZACION;6;;08:30 -11:20;;;;;10-04-2018;R-27;PRBA;VALLE/EGUREN ANDREA ;CALCULO II
1896;ICI;3101;1;OPTIMIZACION;6;;08:30 -11:20;;;;;12-06-2018;R-27;PRBA;VALLE/EGUREN ANDREA ;CALCULO II
1896;ICI;3101;1;OPTIMIZACION;6;;;;;14:30 -17:20;;29-06-2018;B-22;PRBA;VALLE/EGUREN ANDREA ;CALCULO II
3104;ICI;3101;2;OPTIMIZACION;6;;;15:30 -17:20;;;;;C-019;AYUD;CARRASCO/BRIONES MIGUEL ANGEL ;CALCULO II
3104;ICI;3101;2;OPTIMIZACION;6;12:30 - 15:20;;;;;;;C-213;CLAS;CARRASCO/BRIONES MIGUEL ANGEL ;CALCULO II
1799;ING;2201;1;PROBABILIDADES Y ESTADISTICA;6;;;;17:30 -19:20;;;;C-221;AYUD;ITURRIAGA/JOFRE ANDRES MARCELINO;CALCULO II
1799;ING;2201;1;PROBABILIDADES Y ESTADISTICA;6;;;;;13:30 -16:20;;;C-104;CLAS;ITURRIAGA/JOFRE ANDRES MARCELINO;CALCULO II
1799;ING;2201;1;PROBABILIDADES Y ESTADISTICA;6;;13:30 -15:20;;;;;;;LABT;ITURRIAGA/JOFRE ANDRES MARCELINO;CALCULO II
1799;ING;2201;1;PROBABILIDADES Y ESTADISTICA;6;;;;17:30 -19:20;;;22-03-2018;C-221;PRBA;ITURRIAGA/JOFRE ANDRES MARCELINO;CALCULO II
1799;ING;2201;1;PROBABILIDADES Y ESTADISTICA;6;;;;17:30 -19:20;;;19-04-2018;C-221;PRBA;ITURRIAGA/JOFRE ANDRES MARCELINO;CALCULO II
1799;ING;2201;1;PROBABILIDADES Y ESTADISTICA;6;;;;17:30 -19:20;;;17-05-2018;C-221;PRBA;ITURRIAGA/JOFRE ANDRES MARCELINO;CALCULO II
1799;ING;2201;1;PROBABILIDADES Y ESTADISTICA;6;;;;17:30 -19:20;;;07-06-2018;C-221;PRBA;ITURRIAGA/JOFRE ANDRES MARCELINO;CALCULO II
1799;ING;2201;1;PROBABILIDADES Y ESTADISTICA;6;;;;;;;23-06-2018;B-33;PRBA;ITURRIAGA/JOFRE ANDRES MARCELINO;CALCULO II
1803;ING;2201;2;PROBABILIDADES Y ESTADISTICA;6;;;;17:30 -19:20;;;;C-105;AYUD;FERNANDEZ/DUVAL GONZALO HERNAN;CALCULO II
1803;ING;2201;2;PROBABILIDADES Y ESTADISTICA;6;;;;;09:30 -10:20;;;B-34;CLAS;FERNANDEZ/DUVAL GONZALO HERNAN;CALCULO II
1803;ING;2201;2;PROBABILIDADES Y ESTADISTICA;6;;;;;13:30 -15:20;;;C-217;CLAS;FERNANDEZ/DUVAL GONZALO HERNAN;CALCULO II
1803;ING;2201;2;PROBABILIDADES Y ESTADISTICA;6;;;13:30 -15:20;;;;;FICA-COM;LABT;FERNANDEZ/DUVAL GONZALO HERNAN;CALCULO II
1803;ING;2201;2;PROBABILIDADES Y ESTADISTICA;6;;;;17:30 -19:20;;;22-03-2018;C-105;PRBA;FERNANDEZ/DUVAL GONZALO HERNAN;CALCULO II
1803;ING;2201;2;PROBABILIDADES Y ESTADISTICA;6;;;;17:30 -19:20;;;19-04-2018;C-105;PRBA;FERNANDEZ/DUVAL GONZALO HERNAN;CALCULO II
1803;ING;2201;2;PROBABILIDADES Y ESTADISTICA;6;;;;17:30 -19:20;;;17-05-2018;C-105;PRBA;FERNANDEZ/DUVAL GONZALO HERNAN;CALCULO II
1803;ING;2201;2;PROBABILIDADES Y ESTADISTICA;6;;;;17:30 -19:20;;;07-06-2018;C-105;PRBA;FERNANDEZ/DUVAL GONZALO HERNAN;CALCULO II
1803;ING;2201;2;PROBABILIDADES Y ESTADISTICA;6;;;;;;;23-06-2018;C-203;PRBA;FERNANDEZ/DUVAL GONZALO HERNAN;CALCULO II
1738;ICE;3202;1;PROCESAMIENTO DE SEÑALES;6;;;;17:30 -19:20;;;;C-215;AYUD;ASAHI/KODAMA TAKESHI EDUARDO;SEÑALES Y SISTEMAS
1738;ICE;3202;1;PROCESAMIENTO DE SEÑALES;6;16:30 -19:20;;;;;;;R-24;CLAS;ASAHI/KODAMA TAKESHI EDUARDO;SEÑALES Y SISTEMAS
1738;ICE;3202;1;PROCESAMIENTO DE SEÑALES;6;16:30 -19:20;;;;;;16-04-2018;R-24;PRBA;ASAHI/KODAMA TAKESHI EDUARDO;SEÑALES Y SISTEMAS
1738;ICE;3202;1;PROCESAMIENTO DE SEÑALES;6;16:30 -19:20;;;;;;04-06-2018;R-24;PRBA;ASAHI/KODAMA TAKESHI EDUARDO;SEÑALES Y SISTEMAS
1738;ICE;3202;1;PROCESAMIENTO DE SEÑALES;6;;;;;;;23-06-2018;R-10;PRBA;ASAHI/KODAMA TAKESHI EDUARDO;SEÑALES Y SISTEMAS
1460;ING;1103;1;PROGRAMACION;5;;;08:30 -10:20;;;;;R-27;CLAS;ALVAREZ/GOMEZ CLAUDIO JAVIER;
1461;ING;1103;2;PROGRAMACION;5;;;08:30 -10:20;;;;;CEN 101;CLAS;LUNA/ILABACA MARTIN ANDRES;
1462;ING;1103;3;PROGRAMACION;5;;;08:30 -10:20;;;;;M-102;CLAS;MARQUES/SAMARY MAIRA REJANE;
1462;ING;1103;3;PROGRAMACION;5;08:30 -10:20;;;;;;;COMP-01;LABT;MARQUES/SAMARY MAIRA REJANE;
1462;ING;1103;3;PROGRAMACION;5;;;;;10:30 -12:20;;;COMP-01;LABT;MARQUES/SAMARY MAIRA REJANE;
1462;ING;1103;3;PROGRAMACION;5;;;;;10:30 -12:20;;23-03-2018;COMP-01;PRBA;MARQUES/SAMARY MAIRA REJANE;
1462;ING;1103;3;PROGRAMACION;5;;;;;10:30 -12:20;;13-04-2018;COMP-01;PRBA;MARQUES/SAMARY MAIRA REJANE;
1462;ING;1103;3;PROGRAMACION;5;;;;;10:30 -12:20;;04-05-2018;COMP-01;PRBA;MARQUES/SAMARY MAIRA REJANE;
1462;ING;1103;3;PROGRAMACION;5;;;;;10:30 -12:20;;25-05-2018;COMP-01;PRBA;MARQUES/SAMARY MAIRA REJANE;
1462;ING;1103;3;PROGRAMACION;5;;;;;10:30 -12:20;;15-06-2018;COMP-01;PRBA;MARQUES/SAMARY MAIRA REJANE;
1463;ING;1103;4;PROGRAMACION;5;;;08:30 -10:20;;;;;H-205;CLAS;OSSA/MONGE JOSE JAVIER;
1463;ING;1103;4;PROGRAMACION;5;08:30 -10:20;;;;;;;FICA-COM;LABT;OSSA/MONGE JOSE JAVIER;
1463;ING;1103;4;PROGRAMACION;5;;;;;10:30 -12:20;;;FICA-COM;LABT;OSSA/MONGE JOSE JAVIER;
1463;ING;1103;4;PROGRAMACION;5;;;;;10:30 -12:20;;23-03-2018;FICA-COM;PRBA;OSSA/MONGE JOSE JAVIER;
1463;ING;1103;4;PROGRAMACION;5;;;;;10:30 -12:20;;13-04-2018;FICA-COM;PRBA;OSSA/MONGE JOSE JAVIER;
1463;ING;1103;4;PROGRAMACION;5;;;;;10:30 -12:20;;04-05-2018;FICA-COM;PRBA;OSSA/MONGE JOSE JAVIER;
1463;ING;1103;4;PROGRAMACION;5;;;;;10:30 -12:20;;25-05-2018;FICA-COM;PRBA;OSSA/MONGE JOSE JAVIER;
1463;ING;1103;4;PROGRAMACION;5;;;;;10:30 -12:20;;15-06-2018;FICA-COM;PRBA;OSSA/MONGE JOSE JAVIER;
1464;ING;1103;5;PROGRAMACION;5;;;08:30 -10:20;;;;;C-013;CLAS;ROBLEDO/LEIVA JAVIER ENRIQUE;
1464;ING;1103;5;PROGRAMACION;5;08:30 -10:20;;;;;;;COMP-02;LABT;ROBLEDO/LEIVA JAVIER ENRIQUE;
1464;ING;1103;5;PROGRAMACION;5;;;;;10:30 -12:20;;;COMP-02;LABT;ROBLEDO/LEIVA JAVIER ENRIQUE;
1464;ING;1103;5;PROGRAMACION;5;;;;;10:30 -12:20;;23-03-2018;COMP-02;PRBA;ROBLEDO/LEIVA JAVIER ENRIQUE;
1464;ING;1103;5;PROGRAMACION;5;;;;;10:30 -12:20;;13-04-2018;COMP-02;PRBA;ROBLEDO/LEIVA JAVIER ENRIQUE;
1464;ING;1103;5;PROGRAMACION;5;;;;;10:30 -12:20;;04-05-2018;COMP-02;PRBA;ROBLEDO/LEIVA JAVIER ENRIQUE;
1464;ING;1103;5;PROGRAMACION;5;;;;;10:30 -12:20;;25-05-2018;COMP-02;PRBA;ROBLEDO/LEIVA JAVIER ENRIQUE;
1464;ING;1103;5;PROGRAMACION;5;;;;;10:30 -12:20;;15-06-2018;COMP-02;PRBA;ROBLEDO/LEIVA JAVIER ENRIQUE;
2975;ING;1103;6;PROGRAMACION;0;10:30 -12:20;;;;;;;FICA-COM;LABT;  ;
2975;ING;1103;6;PROGRAMACION;0;;;;;08:30 -10:20;;;FICA-COM;LABT;  ;
2975;ING;1103;6;PROGRAMACION;0;;;;;08:30 -10:20;;23-03-2018;FICA-COM;PRBA;  ;
2975;ING;1103;6;PROGRAMACION;0;;;;;08:30 -10:20;;13-04-2018;FICA-COM;PRBA;  ;
2975;ING;1103;6;PROGRAMACION;0;;;;;08:30 -10:20;;04-05-2018;FICA-COM;PRBA;  ;
2975;ING;1103;6;PROGRAMACION;0;;;;;08:30 -10:20;;25-05-2018;FICA-COM;PRBA;  ;
2975;ING;1103;6;PROGRAMACION;0;;;;;08:30 -10:20;;15-06-2018;FICA-COM;PRBA;  ;
2976;ING;1103;7;PROGRAMACION;0;10:30 -12:20;;;;;;;COMP-02;LABT;  ;
2976;ING;1103;7;PROGRAMACION;0;;;;;08:30 -10:20;;;;LABT;  ;
2976;ING;1103;7;PROGRAMACION;0;;;;;08:30 -10:20;;23-03-2018;;PRBA;  ;
2976;ING;1103;7;PROGRAMACION;0;;;;;08:30 -10:20;;13-04-2018;;PRBA;  ;
2976;ING;1103;7;PROGRAMACION;0;;;;;08:30 -10:20;;04-05-2018;;PRBA;  ;
2976;ING;1103;7;PROGRAMACION;0;;;;;08:30 -10:20;;25-05-2018;;PRBA;  ;
2976;ING;1103;7;PROGRAMACION;0;;;;;08:30 -10:20;;15-06-2018;;PRBA;  ;
2977;ING;1103;8;PROGRAMACION;0;10:30 -12:20;;;;;;;COMP-01;LABT;  ;
2977;ING;1103;8;PROGRAMACION;0;;;;;08:30 -10:20;;;;LABT;  ;
2977;ING;1103;8;PROGRAMACION;0;;;;;08:30 -10:20;;23-03-2018;H-101;PRBA;  ;
2977;ING;1103;8;PROGRAMACION;0;;;;;08:30 -10:20;;13-04-2018;H-101;PRBA;  ;
2977;ING;1103;8;PROGRAMACION;0;;;;;08:30 -10:20;;04-05-2018;H-101;PRBA;  ;
2977;ING;1103;8;PROGRAMACION;0;;;;;08:30 -10:20;;25-05-2018;H-101;PRBA;  ;
2977;ING;1103;8;PROGRAMACION;0;;;;;08:30 -10:20;;15-06-2018;H-101;PRBA;  ;
2978;ING;1103;9;PROGRAMACION;0;10:30 -12:20;;;;;;;COMP-02;LABT;  ;
2978;ING;1103;9;PROGRAMACION;0;;;;;08:30 -10:20;;;;LABT;  ;
2978;ING;1103;9;PROGRAMACION;0;;;;;08:30 -10:20;;23-03-2018;;PRBA;  ;
2978;ING;1103;9;PROGRAMACION;0;;;;;08:30 -10:20;;13-04-2018;;PRBA;  ;
2978;ING;1103;9;PROGRAMACION;0;;;;;08:30 -10:20;;04-05-2018;;PRBA;  ;
2978;ING;1103;9;PROGRAMACION;0;;;;;08:30 -10:20;;25-05-2018;;PRBA;  ;
2978;ING;1103;9;PROGRAMACION;0;;;;;08:30 -10:20;;15-06-2018;;PRBA;  ;
1466;ICC;3102;1;PROGRAMACION BAJO NIVEL;6;;;;13:30 -15:20;;;;C-217;CLAS;DELPIANO/COSTABAL RAFAEL ;PROGRAMACION
1466;ICC;3102;1;PROGRAMACION BAJO NIVEL;6;;;;08:30 -10:20;;;;FICA-COM;LABT;DELPIANO/COSTABAL RAFAEL ;PROGRAMACION
1466;ICC;3102;1;PROGRAMACION BAJO NIVEL;6;;14:30 -17:20;;;;;19-06-2018;B-24;PRBA;DELPIANO/COSTABAL RAFAEL ;PROGRAMACION
1898;ICI;3202;1;PROGRAMACION MATEMATICA;6;;;;15:30 -17:20;;;;C-209;AYUD;PEREZ/RETAMALES JUAN EDUARDO;PROBABILIDADES Y ESTADISTICA,OPTIMIZACION
1898;ICI;3202;1;PROGRAMACION MATEMATICA;6;10:30 -13:20;;;;;;;H-012;CLAS;PEREZ/RETAMALES JUAN EDUARDO;PROBABILIDADES Y ESTADISTICA,OPTIMIZACION
1898;ICI;3202;1;PROGRAMACION MATEMATICA;6;10:30 -13:20;;;;;;23-04-2018;H-012;PRBA;PEREZ/RETAMALES JUAN EDUARDO;PROBABILIDADES Y ESTADISTICA,OPTIMIZACION
1898;ICI;3202;1;PROGRAMACION MATEMATICA;6;10:30 -13:20;;;;;;11-06-2018;H-012;PRBA;PEREZ/RETAMALES JUAN EDUARDO;PROBABILIDADES Y ESTADISTICA,OPTIMIZACION
1898;ICI;3202;1;PROGRAMACION MATEMATICA;6;;;;14:30 -17:20;;;28-06-2018;H-012;PRBA;PEREZ/RETAMALES JUAN EDUARDO;PROBABILIDADES Y ESTADISTICA,OPTIMIZACION
1468;ICC;3101;1;PROGRAMACION ORIENTADA A OBJET;6;;;;10:30 -12:20;;;;B-26;CLAS;VASQUEZ/GUERRA ANDREA FERNANDA;PROGRAMACION
1468;ICC;3101;1;PROGRAMACION ORIENTADA A OBJET;6;;15:30 -17:20;;;;;;FICA-COM;LABT;VASQUEZ/GUERRA ANDREA FERNANDA;PROGRAMACION
1468;ICC;3101;1;PROGRAMACION ORIENTADA A OBJET;6;;;14:30 -17:20;;;;27-06-2018;C-203;PRBA;VASQUEZ/GUERRA ANDREA FERNANDA;PROGRAMACION
1740;ICE;3102;1;SEÑALES Y SISTEMAS;6;;;13:30 -15:20;;;;;H-105;AYUD;DELPIANO/COSTABAL JOSE FRANCISCO + SCHLOTTERBECK/BYRNE JUAN NICOLAS;ECUACIONES DIFERENCIALES
1740;ICE;3102;1;SEÑALES Y SISTEMAS;6;12:30 -15:20;;;;;;;CEN 101;CLAS;DELPIANO/COSTABAL JOSE FRANCISCO + SCHLOTTERBECK/BYRNE JUAN NICOLAS;ECUACIONES DIFERENCIALES
1740;ICE;3102;1;SEÑALES Y SISTEMAS;6;12:30 -15:20;;;;;;23-04-2018;CEN 101;PRBA;DELPIANO/COSTABAL JOSE FRANCISCO + SCHLOTTERBECK/BYRNE JUAN NICOLAS;ECUACIONES DIFERENCIALES
1740;ICE;3102;1;SEÑALES Y SISTEMAS;6;12:30 -15:20;;;;;;28-05-2018;CEN 101;PRBA;DELPIANO/COSTABAL JOSE FRANCISCO + SCHLOTTERBECK/BYRNE JUAN NICOLAS;ECUACIONES DIFERENCIALES
1740;ICE;3102;1;SEÑALES Y SISTEMAS;6;;14:30 -17:20;;;;;03-07-2018;C-214;PRBA;DELPIANO/COSTABAL JOSE FRANCISCO + SCHLOTTERBECK/BYRNE JUAN NICOLAS;ECUACIONES DIFERENCIALES
1743;ICE;3103;1;SISTEMAS DIGITALES;6;;;;15:30 -17:20;;;;H-212;CLAS;GUARINI/HERRMANN MARCELO WALTER + TEPPER/NASS RICARDO CESAR;MECANICA Y ONDAS
1743;ICE;3103;1;SISTEMAS DIGITALES;6;08:30 -12:20;;;;;;;CIICA-CIR;LABT;GUARINI/HERRMANN MARCELO WALTER + TEPPER/NASS RICARDO CESAR;MECANICA Y ONDAS
1743;ICE;3103;1;SISTEMAS DIGITALES;6;;;;19:30 -22:20;;;26-04-2018;R-25;PRBA;GUARINI/HERRMANN MARCELO WALTER + TEPPER/NASS RICARDO CESAR;MECANICA Y ONDAS
1743;ICE;3103;1;SISTEMAS DIGITALES;6;19:30 -22:20;;;;;;11-06-2018;R-23;PRBA;GUARINI/HERRMANN MARCELO WALTER + TEPPER/NASS RICARDO CESAR;MECANICA Y ONDAS
1743;ICE;3103;1;SISTEMAS DIGITALES;6;;;09:30 -12:20;;;;20-06-2018;R-20;PRBA;GUARINI/HERRMANN MARCELO WALTER + TEPPER/NASS RICARDO CESAR;MECANICA Y ONDAS
1745;ICE;4101;1;SISTEMAS ELECTRONICOS AVANZADO;6;;;;;08:30 -10:20;;;C-220;CLAS;VARGAS/PARKER JUAN PABLO + TEPPER/NASS RICARDO CESAR;SISTEMAS ELECTRONICOS,SEÑALES Y SISTEMAS
1745;ICE;4101;1;SISTEMAS ELECTRONICOS AVANZADO;6;;08:30 -12:20;;;;;;CIICA-CIR;LABT;VARGAS/PARKER JUAN PABLO + TEPPER/NASS RICARDO CESAR;SISTEMAS ELECTRONICOS,SEÑALES Y SISTEMAS
1961;ING;2205;1;TALLER DE DISEÑO DE PRODUCTO;3;;;;;15:30 -17:20;;;CEN 102;CLAS;OYARZUN/ALCAYAGA JUAN PABLO;TALLER DE PROYECTOS DE ING
1962;ING;2205;2;TALLER DE DISEÑO DE PRODUCTO;3;;;;;17:30 -19:20;;;C-218;CLAS;OYARZUN/ALCAYAGA JUAN PABLO;TALLER DE PROYECTOS DE ING
1964;ING;1105;1;TALLER DE PROYECTOS DE ING;3;;;;;15:30 -19:20;;;B-25;CLAS;CARVAJAL/RAMIREZ JOSE JOAQUIN;
1965;ING;1105;2;TALLER DE PROYECTOS DE ING;3;;;;;15:30 -19:20;;;B-21;CLAS;HOWARD/MATTE ANDRES IGNACIO;
1966;ING;1105;3;TALLER DE PROYECTOS DE ING;3;;;;;15:30 -19:20;;;B-20;CLAS;MUJICA/BARROS SEBASTIAN;
1445;ING;2203;1;TERMODINAMICA;5;17:30 -19:20;;;;;;;B-25;AYUD;RIVEROS/BEHNKE OSCAR ;CALCULO II,MECANICA Y ONDAS
1445;ING;2203;1;TERMODINAMICA;5;08:30 -10:20;;;;;;;CEN 101;CLAS;RIVEROS/BEHNKE OSCAR ;CALCULO II,MECANICA Y ONDAS
1445;ING;2203;1;TERMODINAMICA;5;;;08:30 -09:20;;;;;C-213;CLAS;RIVEROS/BEHNKE OSCAR ;CALCULO II,MECANICA Y ONDAS
1445;ING;2203;1;TERMODINAMICA;5;;;;;19:30 -22:20;;06-04-2018;C-001;PRBA;RIVEROS/BEHNKE OSCAR ;CALCULO II,MECANICA Y ONDAS
1445;ING;2203;1;TERMODINAMICA;5;;;;19:30 -22:20;;;10-05-2018;C-001;PRBA;RIVEROS/BEHNKE OSCAR ;CALCULO II,MECANICA Y ONDAS
1445;ING;2203;1;TERMODINAMICA;5;;;;;;;09-06-2018;B-33;PRBA;RIVEROS/BEHNKE OSCAR ;CALCULO II,MECANICA Y ONDAS
1445;ING;2203;1;TERMODINAMICA;5;;;;14:30 -17:20;;;28-06-2018;B-24;PRBA;RIVEROS/BEHNKE OSCAR ;CALCULO II,MECANICA Y ONDAS
1446;ING;2203;2;TERMODINAMICA;5;17:30 -19:20;;;;;;;B-21;AYUD;SANTANDER/ALARCON MARIA JOSE NOEMI;CALCULO II,MECANICA Y ONDAS
1446;ING;2203;2;TERMODINAMICA;5;;;;10:30 -13:20;;;;B-22;CLAS;SANTANDER/ALARCON MARIA JOSE NOEMI;CALCULO II,MECANICA Y ONDAS
1446;ING;2203;2;TERMODINAMICA;5;;;;;19:30 -22:20;;06-04-2018;B-26;PRBA;SANTANDER/ALARCON MARIA JOSE NOEMI;CALCULO II,MECANICA Y ONDAS
1446;ING;2203;2;TERMODINAMICA;5;;;;19:30 -22:20;;;10-05-2018;B-26;PRBA;SANTANDER/ALARCON MARIA JOSE NOEMI;CALCULO II,MECANICA Y ONDAS
1446;ING;2203;2;TERMODINAMICA;5;;;;;;;09-06-2018;B-20;PRBA;SANTANDER/ALARCON MARIA JOSE NOEMI;CALCULO II,MECANICA Y ONDAS
1446;ING;2203;2;TERMODINAMICA;5;;;;14:30 -17:20;;;28-06-2018;B-26;PRBA;SANTANDER/ALARCON MARIA JOSE NOEMI;CALCULO II,MECANICA Y ONDAS
1054;ICA;3102;1;TERMOTECNIA;6;;;;;13:30 -15:20;;;H-205;AYUD;MORALES/ARANCIBIA PAULINA CONSUELO;TERMODINAMICA
1054;ICA;3102;1;TERMOTECNIA;6;15:30 -17:20;;;;;;;H-106;CLAS;MORALES/ARANCIBIA PAULINA CONSUELO;TERMODINAMICA
1054;ICA;3102;1;TERMOTECNIA;6;;12:30 -13:20;;;;;;C-215;CLAS;MORALES/ARANCIBIA PAULINA CONSUELO;TERMODINAMICA
1054;ICA;3102;1;TERMOTECNIA;6;15:30 -17:20;;;;;;16-04-2018;H-106;PRBA;MORALES/ARANCIBIA PAULINA CONSUELO;TERMODINAMICA
1054;ICA;3102;1;TERMOTECNIA;6;15:30 -17:20;;;;;;11-06-2018;H-106;PRBA;MORALES/ARANCIBIA PAULINA CONSUELO;TERMODINAMICA
1054;ICA;3102;1;TERMOTECNIA;6;;;09:30 -12:20;;;;20-06-2018;C-117;PRBA;MORALES/ARANCIBIA PAULINA CONSUELO;TERMODINAMICA
1470;ICC;4103;1;WEB TECHNOLOGIES;6;;;15:30 -17:20;;;;;R-14;CLAS;ALVAREZ/GOMEZ CLAUDIO JAVIER + BORIE/GIRALDA FRANCISCO;PROGRAMACION ORIENTADA A OBJET,BASES DE DATOS
1470;ICC;4103;1;WEB TECHNOLOGIES;6;;12:30 -15:20;;;;;;FICA-COM;LABT;ALVAREZ/GOMEZ CLAUDIO JAVIER + BORIE/GIRALDA FRANCISCO;PROGRAMACION ORIENTADA A OBJET,BASES DE DATOS
1470;ICC;4103;1;WEB TECHNOLOGIES;6;;;14:30 -17:20;;;;20-06-2018;C-017;PRBA;ALVAREZ/GOMEZ CLAUDIO JAVIER + BORIE/GIRALDA FRANCISCO;PROGRAMACION ORIENTADA A OBJET,BASES DE DATOS
2311;ICC;6;1;BLOCKCHAIN Y CRIPTOMONEDAS;6;15:30 -17:20;;;;;;;C-216;CLAS;BAIXAS - FEUERHAKE - PEREZ;
9999;ING;9990;1;BASES PARA EL ESTUDIO DE LA ING;1;;;08:30 -10:20;;;;17-03-2018;B-35;CLAS;EL CHORO BAIXAS;
